"","GSM494556","GSM494557","GSM494558","GSM494559","GSM494560","GSM494561","GSM494562","GSM494563","GSM494564","GSM494565","GSM494566","GSM494567","GSM494568","GSM494569","GSM494570","GSM494571","GSM494572","GSM494573","GSM494574","GSM494575","GSM494576","GSM494577","GSM494578","GSM494579","GSM494580","GSM494581","GSM494582","GSM494583","GSM494584","GSM494585","GSM494586","GSM494587","GSM494588","GSM494589","GSM494590","GSM494591","GSM494592","GSM494593","GSM494594","GSM494595","GSM494596","GSM494597","GSM494598","GSM494599","GSM494600","GSM494601","GSM494602","GSM494603","GSM494604","GSM494605","GSM494606","GSM494607","GSM494608","GSM494609","GSM494610","GSM494611","GSM494612","GSM494613","GSM494614","GSM494615","GSM494616","GSM494617","GSM494618","GSM494619","GSM494620","GSM494621","GSM494622","GSM494623","GSM494624","GSM494625","GSM494626","GSM494627","GSM494628","GSM494629","GSM494630","GSM494631","GSM494632","GSM494633","GSM494634","GSM494635","GSM494636","GSM494637","GSM494638","GSM494639","GSM494640","GSM494641","GSM494642","GSM494643","GSM494644","GSM494645","GSM494646","GSM494647","GSM494648","GSM494649","GSM494650","GSM494651","GSM494652","GSM494653","GSM494654","GSM494655","GSM494656","GSM494657","GSM494658","GSM494659","GSM494660","GSM494661","GSM494662","GSM494663","GSM494664","GSM494665","GSM494666","GSM494667","GSM494668","GSM494669","GSM494670","GSM494671","GSM494672","GSM494673","GSM494674","GSM494675"
"HALLMARK_ADIPOGENESIS",-0.0526498259234648,0.180504612904278,-0.517745801775369,0.187213862196841,-0.0111817132877272,-0.158217872957767,0.059434214034115,-0.184088035141761,-0.243489547392843,-0.0206567507894452,-0.0324800306248341,0.103147410194344,-0.193930964212441,0.00377526186018372,-0.0787906757303486,-0.656680608283758,-0.633892008308943,-0.484610090481091,0.102974651601641,0.318947244615561,-0.127226515868555,-0.311143656576261,0.128080165711165,-0.0913382514616397,-0.0222843729836688,0.422415767667995,0.362162634247499,0.238875441760658,0.123499798363376,0.202945285798393,0.401784085594248,0.0609705644395297,0.171383648001847,-0.196380911996446,-0.0448797330953815,-0.422303156599315,0.275427726364682,0.112274906924971,-0.131685472172486,0.185579008794848,-0.404778704300029,-0.308413984847764,0.074735988908436,-0.0244595880060358,-0.260246256591271,0.179789972311685,0.265902065670592,-0.109768946315148,-0.0711269564818378,0.173517143633847,0.199342773641273,0.0315083081130252,0.206574381868488,0.197905209173741,-0.147236611883783,0.214715942195215,0.152558774551127,-0.00186552135194766,-0.0532661361013684,0.238085856746215,-0.103425366442725,0.0260194380657879,-0.219877700126369,-0.170349883676567,-0.0711264335003811,-0.0691752129499167,0.0827460590414157,-0.339591299262837,0.089528991224995,-0.3531240396689,0.0926941266393976,-0.00529638692448473,0.0403574322777182,-0.139029218090182,0.136649987246858,0.0737271984320029,0.0596939665576597,0.00641272964066319,0.19220579423973,0.211705102116942,0.052524438772933,-0.0219074006428175,0.0470481267289301,0.089176113204296,-0.0412812268904126,0.210101259739434,0.0834627806247058,0.00641487211693462,0.25983719332318,0.0615864211998233,0.00537861388530899,0.117667288958657,-0.0305811737067573,-0.152080534650077,-0.117052973330954,-0.0440342590223209,0.0537226758285144,0.0481094866390332,-0.573028397824611,0.27334713340208,-0.214416822105748,-0.435064288956222,0.217286162497274,0.133426291784698,-0.168034172940452,0.11903102712688,0.155592699309574,-0.0233584254076831,-0.0473598223984787,0.255280461888007,0.0918332346106662,0.0250510321938629,0.0606956996786102,0.178507483574401,-0.255379561095037,0.161734986729871,0.173156395469301,0.0993424663826097,0.0890096010610187,-0.0647041789470024
"HALLMARK_ALLOGRAFT_REJECTION",-0.810745919359069,-0.452761998714211,-0.0925718311371262,-0.490935066937291,-0.276308607697712,0.328971000902399,-0.0047775999622063,-0.437593226629966,0.132438678284436,0.0107464040586268,0.0489435963331278,-0.0616888739936383,0.365529869219332,-0.268556974767287,0.0548101893660841,-0.608612341441203,-0.63012389045912,0.144998025880869,0.351577777630853,-0.0504920247533375,-0.483633345569321,-0.220334937497977,-0.0893854201229377,0.455114172794893,0.417151352477561,-0.199614902034425,-0.682363006057792,-0.201227263177652,-0.172014921929025,-0.322897170207955,-0.577803760616216,0.381992155713905,0.049814658858024,-0.762227346433888,-0.0194973937031999,-0.71381522612298,0.229389487704187,-0.18096358720253,0.088984171571462,-0.146872214016257,-0.354246684301966,0.724217728156805,0.311564210045591,0.247903194669245,-0.189864174672074,0.109934913429063,-0.274967555122331,0.21996329864732,0.287985646565122,0.365419727774909,-0.189665205955978,0.998101764407606,0.0405082958015465,0.287970468588064,0.717439203302916,-0.077893467772689,-0.260889329749941,-0.552712560426149,-0.593817575285048,-0.406237214893463,-0.35189426927633,-0.242794758569949,-0.34328413914685,0.421669006495789,-0.0632538184016235,-0.0056777675455922,-0.230086174061312,0.620351251243228,0.237553673480476,0.00783444056897581,-0.452597867956111,0.038048225265188,-0.149097635814292,-0.217208385468508,-0.0604778553546191,-0.374342943574417,0.00953791003616813,-0.139659746987486,-0.0570504542638463,-0.237338852983138,-0.229040076780199,-0.18135430222467,0.181723558516013,-0.0150624703912659,0.162975180863982,0.115117329360285,0.116670669526001,0.0218693172734532,0.106097069854812,-0.0200856734058348,-0.0609842254903343,0.266503925052399,0.323877709429668,-0.277366627730547,0.228089421830413,-0.454754311479362,0.047199714757853,0.0318091070641502,0.177895130378993,0.21540618203181,0.653069129670051,-0.00526355228011044,0.666770916981455,-0.0103600614300992,-0.600325885145366,0.0696622696264848,0.152447723013617,0.0917283266845601,0.0504549143821183,0.408409272911612,0.0794469204598666,0.184028631048451,0.611293838500512,0.385359996545813,0.733540574938173,0.578112527351261,0.158099808119857,0.0416278962940216,-0.142445919782927,1.21416883252726
"HALLMARK_ANDROGEN_RESPONSE",0.172034290098445,-0.174611749370153,-0.354121696071967,-0.0424024394808834,-0.0393099908382694,0.0553429612718418,0.154141207606295,-0.213264825093786,0.0838505310417191,-0.0966647566548629,0.132092911085525,-0.181209794707999,0.335690613731394,0.0489774281883919,-0.147884654437974,-0.531139765299075,-0.495055011708405,-0.0922542179474859,0.105109941709317,-0.102673405333858,-0.0581163032128418,-0.180251585523556,-0.128147059167693,-0.096228001836408,-0.125204652130162,-0.11881088026062,0.258846670750955,-0.24084403689722,-0.0402523030855977,-0.203508604820673,0.0198293736648278,-0.145530190012106,-0.134587629931692,-0.177370291223879,-0.309733047557815,-0.36002827221809,0.318317848605549,0.133148476919463,-0.226356910606243,0.0821553358644564,-0.568352395542228,-0.277940301546362,0.177339828830231,0.0764300349039806,-0.258376809967995,0.224489695586263,-0.0615561848842119,0.157390297167935,0.136317262263621,-0.0107967190214867,0.0901062438737431,0.173978225481778,-0.0148409463824199,-0.0933155944033596,0.0552696726356745,0.0870302334634939,0.427762294008734,0.120907315435277,0.185562112704253,0.0279857140898923,-0.0757555474643786,0.0622329997383144,0.210134346247231,0.23638324552932,0.14238418081826,0.0326569586443577,0.109465459033324,0.390826574801871,0.212804630642814,0.117502984838051,0.10622422011075,0.119840870038268,0.150574487566141,0.0689000690729375,-0.199921008690057,-0.0549782034539452,0.112657988112133,-0.109118857236398,-0.0513827318202315,-0.14416791718706,-0.00560337932780759,-0.222229680217692,-0.0760769552272482,0.00272400449275299,-0.133875003594404,0.216525261021899,0.0649626695460579,0.0471717358207702,0.0433619328009004,0.0834848772175128,0.0233357339096329,0.133544655443203,0.0356203688358108,-0.0876497729337655,0.0530779640970932,-0.248780684295742,0.055029982489433,0.252794507365636,-0.577217178709327,0.0465739635865543,-0.297816366209177,-0.67967239076312,0.248263763284003,0.22608853718809,-0.231446765664985,0.00931353585175499,-0.184579331528186,0.199008834118333,0.193139311701744,0.0140828464829321,-0.0120290612345547,0.212660310347767,0.359828690483556,0.0283066453513504,0.419420055393729,0.267155685983687,0.311818371883552,0.194222805832601,0.065437414833332,-0.0266081388051585
"HALLMARK_ANGIOGENESIS",-0.17310585084771,-0.439044621291351,0.53386113403171,-0.210986577023096,0.124023313314721,0.223971153601943,-0.110625993727424,0.261695192263934,0.351873897886964,0.280015224306154,0.370262954589414,-0.359792903881122,0.567338086088851,-0.11768809590525,0.526847580726861,-0.485240888627193,-0.49475773067516,-0.318701497339529,0.29548075382693,-0.098692097243816,-0.13695212520048,0.212986116197238,-0.386769690156102,0.455214589489004,-0.0496440267045205,-0.317254431470892,-0.260519670621638,-0.157415481980443,0.101507866622218,-0.524025951039082,-0.217246993582435,-0.391884819415071,0.0917980702882621,0.257023481338493,-0.0501986450216028,-0.227140951545363,-0.438235189084814,-0.124269037559115,-0.120164863158606,0.228879286098982,-0.0284531465359839,0.245174934378701,0.0413850454966365,-0.0510493081884603,0.164760120754926,0.0618616909956037,-0.326712911735282,0.525911963788967,0.07080504486163,-0.12910002728309,-0.375454721539815,-0.178653766734197,-0.575964193069435,-0.436910573426271,0.615309954504893,0.0699916474781768,-0.602385909203157,-0.490492764394594,-0.0763048579728684,-0.0859860953240694,0.0140222438086399,0.114294170382324,0.25050283294335,0.150475167127728,0.131463532796265,0.27794324763657,0.564643890223493,0.557428169773544,0.0225934992026112,0.213722388358937,0.134082009521105,0.252280638431611,0.519096561505162,0.124037437707063,-0.279769788212292,-0.283864063714303,-0.27252832073035,-0.249753424193868,-0.0331685160623643,0.240395093363083,0.0658438174702465,-0.0598532315635304,-0.143978703414971,-0.194798106724679,-0.170282221351473,-0.0724134420180488,0.144014158209861,-0.0945926690223761,-0.0428003951969167,0.0772379855821999,0.0599849805916892,-0.00683983408923368,0.0898378762904347,0.0839082035933772,0.213895199000971,0.320582248966514,0.0986765365753356,0.279374685391183,-0.380586864540308,-0.0176223515574287,-0.45774851436815,-0.739278861934701,0.538585399466852,0.266900082380692,-0.0673061638078754,0.00735359206236006,-0.0884120848033601,0.481437157223841,0.14733269041767,-0.0943651395891572,-0.116387776896829,0.0566187259673904,0.0383199130843762,-0.161463291680398,0.76688848302743,-0.126766837251081,-0.0213127020282579,0.22186947916185,-0.0576785570109819,-0.402222929904976
"HALLMARK_APICAL_JUNCTION",-0.037231628848658,0.0570322847407983,0.203555354277468,-0.340709272726187,-0.086424789589002,-0.155158368199111,0.122083685328234,0.152420055481401,-0.0458763402120646,-0.0287791482133107,0.176139401882791,-0.160895378794962,-0.0119171340734931,-0.131360243429523,-0.0338826259363872,-0.284628070607426,-0.53826127875404,-0.630809410053039,0.406541370943279,-0.0306343727005312,-0.038948441067505,0.092657505134223,-0.12956617624579,0.166633251320043,-0.065974346704628,-0.0997947991709455,0.19499770829365,0.178898318595552,-0.165365228373846,-0.23347921733365,-0.079359239508351,-0.209346600463977,-0.248119509412822,-0.0398633938316683,0.226467267507872,0.0435285594815577,-0.0503853819961481,0.0113952861277073,0.132503408364555,0.144471622478343,0.0748628146196601,0.10957778960744,0.113650728379261,0.179953864560339,-0.0606590561168235,0.268702919049931,-0.104741203854265,0.0842022564349156,0.146079997840099,-0.153005166035156,-0.190016377046523,0.00803689847405551,-0.0178031152402022,-0.134121278358634,0.453360429922293,0.0949611363105579,-0.0698705322622715,-0.398643685686027,-0.326644057968001,-0.153434460079145,-0.0486608929220503,0.108471034657628,0.245265850337622,-0.302136316892942,-0.130995531959852,0.00375351120731438,0.20857276460468,0.0242145922055099,-0.168649657386024,-0.33165180085914,-0.00335844043241889,0.129977877868285,-0.100415615761472,-0.123879351634367,-0.140203193792581,-0.158803966145202,-0.141985549499993,-0.342910698993628,0.026395929748337,0.174991898762698,0.0356549121402799,0.0143951156203955,-0.124941296020462,-0.0791049552025703,0.0727874888452486,0.178364706534373,0.323725656258618,0.0903331694387916,0.0573349763682759,0.0371620020067187,-0.112824984387983,0.0254866465074398,-0.305093804671886,-0.129297769777328,0.305148299516754,0.34071170307973,0.141092041607903,0.259821568038985,0.387770746763855,0.119708362987169,0.0666797530565638,0.00934419576337852,0.14866122702142,0.337276864075774,-0.296458199324717,0.283353006586045,0.106776035830981,0.184092476875071,-0.0275209264096993,-0.102771094762531,-0.106933899762229,0.129330218407196,-0.0438957613176747,0.0165894300554518,0.439548376297612,0.0634328064719713,0.121606866351391,0.128343425260924,-0.0854904540669937,-0.295195961438556
"HALLMARK_APICAL_SURFACE",-0.00374437305079984,-0.171456347038119,-0.0256963766268655,-0.106885286086185,-0.0908001806417341,-0.0342534054400888,-0.160613567728831,0.307656080188083,0.0267367216439382,-0.0812816357356647,0.139750440524453,-0.209746675531825,-0.175113267926777,-0.203291279064534,-0.238130351707595,-0.345364836678831,-0.341114238889841,0.0482405165276113,0.519027849763547,-0.261920196613236,-0.111574134197227,0.146784640031342,-0.128621460155161,-0.00281594244572262,-0.0962809924280752,0.179341694193166,0.226625678544995,-0.118880396401835,-0.221938655964136,-0.207842943536614,-0.0560764948930179,0.239289002911275,-0.245135159531724,-0.0770067878411633,0.0766786865526034,0.0873289119300518,-0.0365281266504082,-0.158393834559192,0.223399757375636,0.167113593298725,0.272566672136087,0.253093052089971,0.0848305675198661,-0.0768195243933766,-0.206700222617388,0.266721332106548,-0.2285152626485,-0.102607967685901,0.0113835740198489,-0.0835218700479083,-0.194931644363908,0.0626967940639221,-0.142741085620378,-0.110323411145086,0.541723692265596,0.15266912507449,-0.109661023029247,-0.204025188778544,-0.203388619607092,-0.327297373096921,-0.175433302184751,-0.0850892416570308,-0.124885596119834,0.14031268815627,0.0929405927944582,0.199520843529345,0.00649904556636065,0.152229451199179,-0.113086194773501,-0.0846454763377658,-0.166305008665911,0.0289864489242534,-0.0776425797382691,-0.168659507546168,0.0601921993467808,-0.167136966883649,-0.0621129353317936,-0.139340949807522,0.111428076642287,0.140246095685428,0.0801355793238013,0.0750970991078137,-0.096306538419701,0.027050707724914,0.290785690569246,0.113460753295924,0.28358768213695,0.215322593696255,-0.000771688547989215,-0.050851458194158,-0.0600561879252317,0.0785424123432022,0.13248871713766,-0.0276382289088843,0.266894007629196,0.134018265546435,0.0624048217431041,0.236225454460009,0.573225172123606,0.0683159402944386,0.0507884092511232,-0.0453433515876158,0.0452220843452437,0.239933295495252,-0.179198472130351,0.150541311094304,0.0231671306208172,-0.163066830966862,-0.0945859562884739,-0.0466066883662315,-0.0700733317693182,0.114666382537717,-0.112853238274933,-0.0638811248625163,0.152754259316864,-0.0413832704379346,0.0270893097981111,0.0816664902210132,-0.113106842398623,-0.0582962858946488
"HALLMARK_APOPTOSIS",-0.256187146003624,-0.1509673734972,-0.250055848425441,-0.0997468512649092,-0.133071950643219,-0.0404217037985176,-0.115848296590303,-0.130928018145855,-0.0090636194703862,0.00611902561778188,0.122584532727668,-0.164941990865288,0.331326427254177,-0.0565805082831742,0.00672401149018043,-0.452320691646469,-0.416326904451215,-0.155165370858809,0.200226828320623,0.0629782954713472,-0.192388548705079,-0.0794056807146519,-0.176051075483976,0.132225987245547,0.0251981238349744,-0.107888331429883,-0.107243561483763,0.0513217017836688,-0.0608577907633801,-0.126711791940678,-0.0795724420372611,0.0163279228451531,-0.0613225067439359,-0.209153355106922,-0.0775052657866228,-0.246048032711151,0.0212054282948006,-0.00100493295380405,-0.105918096701715,-0.134917242313197,-0.532360067511197,0.241732141961481,0.109217847716255,0.157817551021516,-0.158991362343603,0.047733896570141,-0.186765357380824,0.209161884785267,0.0755150071577667,0.0265127439720655,-0.190241528798629,0.147451573023635,0.026390327727932,-0.057175992636606,0.312945625715567,0.0122914032062984,-0.0711965264551592,-0.320893361460591,-0.240686933633017,-0.0809726486587192,-0.178310546124134,-0.0400811484064592,0.183751640336587,0.215398183160899,0.125118535199631,0.164920426173828,0.00158258740751283,0.443138597284524,0.260572543703227,-0.0875607428828226,0.0474094369831163,0.11377016797862,0.0860670399524561,-0.118682682675125,-0.150038651716601,-0.0731770415180852,-0.00440762112011917,-0.165393953331393,-0.0487375203168185,-0.0669366963955642,-0.00263687733970084,-0.134305627802596,-0.0738157976547596,0.108589756693161,-0.0503967595915083,0.139601082102567,0.056905542517009,0.0521515185510798,-0.00096123592773236,0.135051365145899,-0.0212171936025002,0.207830151260016,0.199400544550239,-0.0780044547550659,0.247849335667632,-0.108733905170158,0.0421465253473034,0.152705773385884,-0.0416863061061977,0.0469490054458868,-0.000592562677805154,-0.349559227767658,0.282021158670203,0.132964970341889,-0.249499041027053,0.0169297997010279,-0.030776648302368,0.117590788198368,0.122655002034873,0.0674655442221976,0.082042522002734,0.206722329071513,0.343723110311048,0.123599064799958,0.530783721456196,0.197937522092152,0.210904300345876,0.181244315252619,0.0280259603737136,0.0938827944456789
"HALLMARK_BILE_ACID_METABOLISM",0.180356382972532,0.119280922561599,-0.390352291941089,0.355135953284449,-0.0796790512857251,-0.210608348385291,-0.143689949681378,-0.244144643648446,-0.127132511774035,0.0408710450921174,-0.185573662907519,-0.00588315648828308,-0.192601450827119,-0.047791206681075,-0.109290996013374,-0.281529787665738,-0.276835886429485,-0.235419606840808,0.0203600005749258,0.411612690728056,0.00838672556162333,-0.173105417079601,0.128788539079186,-0.172844751988022,-0.0262032126218162,0.360666740765841,0.417800944156226,0.170472948758179,0.100380229936646,0.243766895868932,0.269264012367569,0.21660973994798,0.193646305082058,-0.171584082337649,-0.0486318619335464,-0.503332954433152,0.17394984628944,0.0255883452756633,-0.139301502023755,0.143405931709338,-0.212565634838258,-0.376651729870943,0.0683752522885402,-0.035414521203064,-0.297707392055644,0.203600730829631,0.0428945177239803,-0.207130583815746,-0.0108292233969447,0.203296824052075,0.20401742502857,0.204825585345812,0.117438351014232,0.192351294525202,-0.163731049809988,0.0200375605346091,0.207504080025346,0.165651744393647,0.000207208495728236,-0.0115172404937353,-0.136870918964362,-0.0644318351237648,-0.365161373924741,-0.0040830523144384,0.0330591092889038,-0.098125667256023,-0.26263741375516,-0.244690869037236,0.0225941636651098,-0.123089329675221,-0.0900535997211448,-0.169448013067263,-0.248427880159722,-0.264715525378512,0.253919014514205,0.125539209072767,0.120027060361262,0.178596951549787,0.252665396177245,0.216098742144257,-0.0132738015486122,0.0386472621281189,0.0931480248406285,0.0191972517509895,0.0563982778924407,0.161308372306291,0.102519645962839,0.0937727081788369,0.120443111451952,0.0138797849343833,0.0104672476663527,0.041708207907115,0.00490736224335585,-0.23722690580044,-0.201128257036002,-0.204640629334595,0.0982097100504661,0.0953788158480571,-0.0389281868809179,0.204486132246826,-0.0987331077782816,-0.000758512104345101,0.0713620587223426,0.0542846782080492,-0.128436396047701,0.184785319076579,0.108885894361594,-0.269344345284498,-0.0467800472730994,0.200786892530198,0.0956485018959463,0.00499752074726377,-0.0423453399485061,0.127225341979909,-0.349605857988409,0.192051942302031,0.120412125912646,0.152110336436105,0.0486617559740781,-0.144708130724461
"HALLMARK_CHOLESTEROL_HOMEOSTASIS",-0.223973343143588,0.00718375576203694,-0.686455477553889,0.0412767127579902,0.0436584935181914,-0.218283084722687,0.34578000009486,-0.181146218194199,-0.212239227077031,-0.184908208029016,-0.0339184795684273,-0.153766632049709,0.00605693080355171,-0.219572321664454,-0.384576711621523,-0.253559525369855,-0.288598587465429,-0.256636713032633,0.131826145226333,0.00441514987970303,0.0820144390912713,0.0195103860758077,-0.077089992717359,-0.10192048186969,-0.185304314401143,0.156990935797003,0.412345520974106,0.271248788841233,0.12641193500898,0.106387228897708,0.527347778665615,-0.244973684868751,-0.0340265856688473,-0.0964074562670832,0.113380857298238,-0.113011315190633,0.239152523954109,0.0569992967837211,-0.066748215200717,0.244782844229394,0.149989588676127,-0.23829625328259,0.102644213444695,-0.0728502053322401,-0.0451768259170816,0.314017581502348,0.0169546521156311,0.0960821345197426,-0.00533677070046249,-0.0166972432966155,0.279789868308265,-0.152034330811508,0.16193212234429,0.121764187770292,-0.0340271648892044,-0.251383128403391,0.498216697008224,-0.0671358919186785,0.357930238018376,-0.134864871926901,-0.128087145473503,-0.00267040652372267,-0.0569132016961218,-0.0391216342335217,-0.00401479225603813,-0.227508261930715,0.0812658388318846,-0.0794587438985505,0.102604112119294,-0.442264363108683,0.0256537853577776,0.140611346532635,-0.140771479428288,-0.226658921871221,0.0176955104193747,0.308864949137856,0.188885265821655,-0.0999596948503413,-0.0728682605275161,-0.0782559000077386,0.0521223729048573,-0.0799299839800305,-0.173311894024707,0.0716202875083861,-0.0432651817751421,0.280956257413199,0.024907921007967,0.00825720526653536,0.251875796260923,-0.00691823976723797,-0.12501111651068,0.12351063020345,-0.130494544441321,-0.0675898254765095,0.24045834611888,-0.0456913246347976,-0.0109627992851397,0.299685407534736,0.348577268616614,0.160526860400291,-0.0362515525930489,-0.356569132534295,0.157846633656018,0.131882169907297,-0.119317273402032,-0.125595093979507,-0.210583803295177,-0.0473082905724787,0.00614765047295166,0.0172658979657289,-0.131173614079446,0.169032314087551,0.0970675000499012,0.0466315984165066,-0.0611075841964976,0.0930503168728053,0.315377537707397,0.178021736976157,-0.0947227697634841,-0.277217432663643
"HALLMARK_COAGULATION",-0.0834438857588132,-0.199682653242484,0.0533377611969968,-0.124039544150963,-0.0541951117894852,0.0555691016106603,-0.218284318848626,-0.291760903547428,0.0854494572975988,0.113480568054272,0.181736836145665,-0.135535201157875,0.0466622186024024,-0.0526819326516469,0.064287536493872,-0.35680805268107,-0.426284787279189,-0.483144341949215,0.257234569195403,0.184054493008432,-0.230304685874342,-0.00720705957554879,-0.00320709167415376,0.215336754997389,-0.0112513376662078,0.105952029151438,-0.00376558344770533,0.0175399190495772,0.0162146249876498,-0.0827453545667919,-0.314499376449292,-0.0460782547642704,-0.00514357259691284,-0.177522162280398,0.300072427886307,-0.190499380679568,-0.00683654662403674,0.0154138023351488,0.149002064194997,0.147428120824797,-0.12933422384345,0.0344793857964279,0.104532197668312,0.047796273778268,-0.135154188301608,0.468190435504189,-0.104581819768484,0.198744642483321,0.187181048594976,-0.0624805749822389,-0.0604570369691052,0.111805731699064,-0.107675615419511,-0.030199324937389,0.323102859666535,0.0814707735173595,-0.0924009478002594,-0.398614843791158,-0.357517212255017,-0.0525318453872334,-0.222295976515755,-0.118450814497064,0.00199329464565725,-0.141006883315929,0.0338112156369368,0.00666848888400048,0.0994414377026088,0.176939932183391,0.101240126219618,-0.297743177466717,0.0723089591722988,0.223604563534492,0.144009777315829,-0.111867718986223,-0.112437979140797,-0.127076057346881,-0.179908143310339,-0.26161113884717,0.14830972629344,0.165554853974045,-0.0650900906487725,-0.134401770724277,-0.0683531257289657,-0.0393158266261806,-0.0128449354486736,0.15779687876827,0.130294097527371,0.125493898888839,0.0355038389467261,0.0553774901997527,-0.0605166508853852,-0.0384318221202168,-0.120319787935899,-0.236909567732849,0.329119719286391,0.114018291272416,0.0291118520021918,0.136800810897927,0.188157513679079,0.0518552642149137,0.0547190461587692,-0.18855877955133,0.382879474499257,0.142036817685823,-0.384062998317615,0.370250237361794,-0.0851172028581142,0.231397402156221,-0.0941239365847003,0.069389311528465,-0.111516395767314,-0.0130192957898551,0.15510052831358,0.0467254379783444,0.419276917396648,0.194500240980679,0.178858660912402,0.134741660569227,-0.0640883433084036,-0.148426208361534
"HALLMARK_COMPLEMENT",-0.241992705679201,-0.240821127760292,-0.190032940814602,-0.320978876036999,-0.132622764049653,0.085809505415861,-0.102995078147431,-0.37504918109473,0.0994986268520804,0.0413846767065241,0.116046126172764,-0.0606129067956769,0.278963247323137,-0.133771490335795,0.0275657596071229,-0.630979801655717,-0.773913486089586,-0.12556025386536,0.25303579352785,-0.114315775833318,-0.428012425664185,-0.1984025727609,-0.170269355499558,0.293805166018758,0.09047193371208,-0.0849349709163591,-0.25362680702799,-0.0774285925364715,-0.128957436836162,-0.221873130718311,-0.50177974026918,0.130945863038745,0.0544221268725711,-0.481806881301478,0.0129518337748158,-0.59008810134485,0.147479317003855,-0.183727825674348,-0.129073934291304,-0.0392715037842762,-0.63008558027368,0.313543092109018,0.314911812058827,-0.0102498157923229,-0.192199294130866,0.204771542385556,-0.168487774334464,0.241327484690294,0.198126031990852,0.256489827098072,-0.22835242090535,0.504346621741051,-0.0807476440372396,0.0731399775540905,0.447972578468552,0.0749868183511188,-0.12334387923654,-0.456986132443156,-0.46155764902002,-0.299696828470737,-0.275817361131796,-0.0946083770871956,-0.0729085583321833,0.269408820162324,0.0451918751500945,0.0548304594270335,0.00624388256833507,0.488687063943438,0.348818319734546,0.0518726060576021,-0.161998410344865,0.204039494649913,0.0742697869949039,-0.0299437281919414,-0.00280909882421365,-0.205105891036633,-0.0144312624642426,-0.034018942004745,-0.0329178486743087,-0.0642623406558714,-0.0612601007469143,-0.10990060959831,0.101378342865378,0.0416434556854368,-0.0277705849709499,0.254610668580655,0.126622875268897,0.0563836466789382,0.0831701511010032,0.099391277566118,-0.0112717941981897,0.148905181734493,0.152311271701274,-0.142264874259313,0.233411588460262,-0.183415679476133,0.0637193580381735,0.144663234988172,-0.113977468130913,0.150943249051178,0.192970051941537,-0.496459238483221,0.616493109705217,0.158404696652106,-0.373424939948547,0.105133677783693,0.16202594084592,0.168872772072676,0.113104119777592,0.289008920643619,0.0602879906162773,0.150091729741258,0.379069562711055,0.279697902907946,0.583366083583052,0.380604200192295,0.247390279757358,0.0768853839222139,0.017078268381104,0.650176729871854
"HALLMARK_DNA_REPAIR",-0.257229471591492,0.176568726049926,-0.444462119976001,0.152349274216637,0.375391236651907,-0.0487912466484225,0.572662215824754,0.501012020244667,-0.0121768158828496,0.126316157536067,-0.0689703039059838,0.225502006500994,-0.170495830136877,-0.284754425497055,0.0387779176980927,-0.435923870759817,-0.133343238521404,0.331789863462114,0.328180815984801,0.272691830563379,0.398805796205553,0.365848092724054,0.0184282588686953,0.162442773584166,0.0649985704055128,0.439321767723456,0.376248663578652,0.364638957293483,0.146834842719776,0.503846249697888,0.512205339568148,0.398782206326607,0.249452070415523,0.28701907520669,0.0680990797099201,0.463733909483765,0.18356807555219,0.0588909296282384,-0.127164999171187,0.457042146291327,0.336592968396537,0.154652935346583,0.341427689983546,0.0536139585975383,0.313919076855725,0.0585978108671002,0.423582164639065,-0.0435676948999516,-0.107961363088767,0.0930110262645481,0.248246290375396,0.0102397764799979,0.402839898462583,0.234515968143515,0.103197461239327,0.235460914740694,0.203158340654705,0.216370081156008,0.254029689493788,-0.0674175147457852,-0.423214220516521,-0.259720608673538,-0.568711207455652,-0.336720696161802,-0.224692301011184,-0.222298832429842,-0.00555842888617304,-0.338040082443524,-0.16510583468169,-0.482509600111188,-0.261873888959142,-0.321843161783954,-0.450087008790255,-0.235647579486292,0.05987852405879,0.0718777462690821,-0.132116998137072,-0.0847581508446885,0.00635883252747661,0.0128481461789895,-0.161609455668714,-0.139046960978749,-0.15229641088613,-0.127449180707241,-0.0783920732441198,-0.0729095380261654,-0.240252870604338,-0.0837723708034919,0.134748364625364,-0.105959825451491,-0.205542010973668,-0.0997926497738189,-0.0124768576649576,-0.240335659537488,-0.398723678353653,-0.398892020889632,-0.212570481615013,-0.240459164816185,-0.397820017375163,-0.0191230230772158,-0.168382613861434,0.0998912378566935,-0.101168670962329,-0.262573695621324,-0.307870215225565,-0.248016330491011,0.0658714195796882,-0.0211346287622807,-0.201831268562593,0.0400250980477206,-0.114733222971474,-0.257980970684223,-0.135330614532112,-0.135362486067552,-0.268911867975745,-0.0870801469998672,-0.0550484136971256,-0.0628080837269412,-0.184025601341898,-0.0815637134286104
"HALLMARK_E2F_TARGETS",-0.764494087196158,0.0333509468565136,-0.351863433991801,0.178125639719084,0.61444120660799,-0.00914520466470398,1.56620685129857,1.2916264989308,-0.0291092843500186,0.312299001776575,-0.220364953899258,-0.178222655649245,0.16843622464733,-0.426983105516478,0.184940759269012,-0.331380215392599,-0.454268387640361,1.63457168544554,0.784773177009791,0.161150115944922,1.21056038420652,1.18601808016583,-0.238113844049309,0.320551200771298,0.102744006137311,0.380487606076544,0.991710020063843,0.252063132647472,0.248547851964399,0.422980859472037,1.67734955437813,0.176811288013176,0.178321681995313,0.390584719047783,-0.131719776705461,1.22251125369376,0.105639629515409,0.277601249740069,-0.533815038291136,0.760851420760954,0.505882561073857,0.808237016416384,1.15413343972761,0.0442958326475941,0.666946191120559,-0.0748623911218641,0.0897543703768592,0.295230808006581,-0.0114735402559795,0.0308866492323767,-0.115422153937275,0.0923701507699405,-0.0434743904164696,0.026376850842847,0.626303275487832,0.270848009091221,-0.196864179701917,-0.0799092573312918,1.22560085671524,0.0653819935621712,-0.51326529570598,-0.385621703213816,-0.623581204814473,-0.25107405245993,-0.349317558857023,-0.293004553739248,0.10031415103983,-0.310961432786098,-0.155387148245799,-0.475057806479715,-0.529860628646695,-0.4968820316064,-0.483384418747378,-0.420765786843569,-0.19468952805328,0.293170838595334,-0.17639459095025,-0.116266777494314,-0.216775851143254,-0.198893431996584,-0.362868131861197,-0.415885727141593,-0.234131712483062,-0.36879273445106,-0.433663687171479,-0.336482456946646,-0.453493638469786,-0.403486818221896,-0.15351775469089,-0.367000100218021,-0.158084016310132,-0.259775071177033,-0.201040395371796,-0.390452257732789,-0.640067864998604,-0.677461745693177,-0.375070730125197,-0.36531902429126,-0.873421075770287,-0.249640113853203,-0.569239814085822,-0.39906537482255,-0.0833905298045386,-0.306021812121082,-0.378954971750804,-0.534193077814186,-0.126989114805637,-0.190749313545521,-0.338752904841312,-0.0343423039867515,-0.348206200311366,-0.431320401231429,-0.216926911030453,-0.32853038826515,-0.189223160384176,-0.124164277995422,-0.202064860932021,-0.200749518340543,-0.248280666822113,0.222501320902966
"HALLMARK_EPITHELIAL_MESENCHYMAL_TRANSITION",-0.145925590849612,-0.51818442199237,0.679708627253242,-0.326736070581763,0.172147681949569,0.189470624154754,-0.127981154192562,0.634912827390402,0.45293751351681,0.651021131561725,0.722935067536899,-0.261923664945503,0.461307124551396,-0.0468467051485874,0.564258663676781,-0.364767790193027,-0.741694098812523,-0.443387764655451,0.559098719010488,-0.19903181797105,-0.200243293321088,0.505225927184498,-0.362174755405789,0.854523305857774,-0.00842335065245635,-0.428917282852691,-0.440698543150193,0.120547541415161,-0.0443022176290274,-0.647862942201595,-0.36600731258794,-0.41306184986596,0.109982849213004,0.419102250791507,0.246680310358739,-0.361492938505904,-0.350648938585682,-0.0188147761959895,-0.333212074593787,0.321776784776191,-0.600161236179581,0.453328081791356,0.135151160390753,0.237718152363066,0.382937773727076,0.164839641463694,-0.0555135883408569,0.633368797593812,0.773951605361005,0.0226459437525265,-0.48140299616323,0.242724557526661,-0.520519544518908,-0.290217355096455,0.861411924118608,0.149284104956388,-0.84939442090675,-0.954409098842098,-0.225105834868415,0.012539332723601,0.0536954292697279,0.134515831694275,0.233303612692117,-0.111738991903012,0.0528928092275604,0.343525005943647,0.545865858849038,0.385380738824693,0.00569477896527334,-0.128658813455497,0.228660380254597,0.366509959183184,0.345951850721268,-0.213197953549667,-0.294978772636717,-0.279891588133214,-0.35478476717524,-0.360339061293049,0.00909822789866163,0.295659656243978,0.0525129157041853,-0.161691155740588,-0.191704521206359,-0.135947542999478,-0.253453976875171,-0.107618191910653,0.0451997827987109,-0.190321420106643,-0.0111450284381523,-0.0343591835516415,-0.251213186084555,-0.212321023946899,-0.0969684855059858,-0.210475664431023,0.233093735980443,0.0630740918175527,0.0735177162716563,0.284826297020766,-0.321124452787748,-0.0341103965951173,-0.291914302391112,-0.981362943151335,0.510316565005625,0.267414130576999,-0.151593036918225,-0.114095715201885,0.0542213964152675,0.35304877922803,0.0730291347855347,0.00433858629982731,-0.0986435146866062,-0.0321611906978736,-0.0135992330948774,-0.0554816700095686,0.663683875169938,-0.0391066614448157,-0.198499015717731,0.0443931937999189,-0.201191790359186,-0.196205684803454
"HALLMARK_ESTROGEN_RESPONSE_EARLY",0.151615174913206,-0.184196041765416,-0.300631841739494,0.0478341233860524,0.0292152678233532,0.045968026390638,0.074914112967966,0.017519904052621,0.0200495925197797,-0.0220398178081253,0.0127522665845292,-0.111417912008377,0.0207371190180447,-0.0389951709782586,0.0167248267999428,-0.166815481600301,-0.130699298771492,-0.23380058365465,0.0738222746879595,-0.0387357216653637,-0.132503023802724,-0.0118796892454028,-0.0974993515857706,-0.29039917286825,-0.0193117311854423,0.066762663586694,0.339635533449048,0.118313080041723,0.0598649004363369,-0.100058680582999,0.0683659357473598,-0.115120066251485,0.0473678547335018,-0.102260203026584,-0.078566412012862,-0.181471224813953,-0.00480153850403284,0.0529477406960105,0.0498006322982502,0.0358180858388332,0.146983269844335,-0.236864086243305,-0.00818628400861012,0.0982088323951878,-0.313179107655727,0.0957972416251585,-0.170452975406461,0.022129616445879,-0.155772040860325,-0.311702457799902,0.0133656589453354,-0.0933737184841974,0.292141869009441,0.0310691959433179,0.187269585144614,-0.00224443244739051,0.0404066625629838,0.0784632556432777,0.115710575937715,0.0540953745074195,-0.108119012562494,-0.0706957840926247,0.0364736353449358,-0.00480332570971023,0.182145393108389,0.0847173157923308,-0.0366704182792433,0.23506969363489,0.150547407708718,0.00462405572503924,0.0502999749227235,0.289917977222353,0.0848036522049044,0.102388046995968,-0.0463303105605743,0.156855032449194,-0.00796373748641301,-0.0313630939547823,-0.0570368098996719,-0.00681921356622944,0.0599990075312712,0.0645734564380533,-0.0773502726661343,0.0627093959910986,0.0910612753131773,0.112869833345923,-0.00486157865141012,0.153356138014925,0.0165349166817543,0.0159190404002955,-0.097390346037336,-0.0443931474232058,0.00719104673561148,-0.113552918443212,0.110158230480085,-0.0713329046570364,-0.019509941767538,0.223958147311408,0.276578986180315,0.0046354512243185,-0.130889823990497,-0.0514116220959402,0.0496193044301402,0.116722650714217,-0.105525029782629,-0.0748930386622154,-0.0977057052312742,0.115209501800402,-0.061654440721755,-0.256858049972771,-0.163101473221734,0.0340576075169359,0.12325491307817,-0.0350751973190662,0.16426567236004,-0.0712867012426332,0.0928344698815431,0.158219584987647,-0.0634674966542786,-0.394201608074011
"HALLMARK_ESTROGEN_RESPONSE_LATE",0.204481122727087,-0.120153928192328,-0.479945068253385,-0.0114826930405352,0.0875783019448572,0.0237481979659376,0.208767259315084,0.224975639739208,0.0320968831632006,0.142077056307877,-0.0391547826981141,-0.143499626524531,-0.0111194384696948,-0.0398981169037112,-0.00525063220622985,-0.238067740449133,-0.286375525739895,-0.0570793943656509,0.310184813349925,0.0175800558881731,-0.0177422262993671,0.199326457634432,-0.116759413288363,-0.174757465379741,-0.0222892586953293,0.220775377950355,0.416009422782277,0.0662003798303791,0.153626184785149,0.0197274104907351,0.36041506463584,-0.0291697078604455,0.0691390208669928,-0.0419912384388705,-0.0051912349914253,-0.031582005356019,0.0896995891613176,0.110228625658672,-0.0296809411215879,0.135519187535717,0.0624651457959822,-0.150615442433066,0.147738395962842,0.0581032704093569,-0.216633106547467,0.114300694002238,-0.142382269811969,0.0409225373566488,-0.100705648009131,-0.0673677933008121,0.113424572328099,-0.00162162087501609,0.222839855281364,0.0695284744712645,0.347781107427916,0.0224861840024319,0.0450849985071312,-0.0301259208521417,0.13044351915306,-0.091296432178291,-0.139362150358374,-0.0916815479739317,-0.139000723679451,-0.0102184505667549,0.0634107701294314,-0.0750162279281122,-0.1492552021177,0.0614006902995886,0.0709428714487717,-0.0900249092624211,-0.0312505424756332,0.058553404033361,-0.104292412259993,-0.0761134581235455,-0.0622137386942539,0.193853488613023,0.0230382419062483,-0.0203683099143183,0.0412245702364198,0.0249605191815397,-0.0466219123578266,-0.0409276478688067,-0.0924342705152858,-0.0436408582638335,-0.0348958657750143,0.0819257967424701,-0.014739730263074,-0.0143590737834371,0.0845581976168786,-0.0137151868566379,-0.0654760603236322,-0.0792871173235992,-0.0332987562470501,-0.151319416995531,-0.0163090841377339,-0.135126014369922,0.0312405100784727,0.142856620118688,-0.0274328393994193,0.0622511498088577,-0.208948030971266,-0.161666819988233,0.0674364333438263,0.0903722312243747,-0.213576171028787,-0.0406071508694138,-0.0683240741985388,-0.0247272194724595,-0.108817673375654,-0.0456465282201483,-0.0685368941619116,-0.00210505218376473,0.121553344810855,0.0116588734968101,0.040864951603745,-0.000170204529880508,0.0942618199494136,0.114612759301109,-0.0186661840400946,-0.486139867217802
"HALLMARK_FATTY_ACID_METABOLISM",-0.0800525468586313,0.414170037566954,-0.624202735302625,0.408961264833611,0.0222628530766457,-0.220968681683321,0.180245027811782,0.0537033134931615,-0.221907104985955,0.179727825413583,-0.10486802901651,0.0461797115637803,-0.253195734105793,0.0122788819126525,-0.141235194272926,-0.538195407781741,-0.509663445160843,-0.10965053698918,0.281343554385004,0.383796011379425,-0.0195334898450306,-0.0679677398861722,0.2446426898204,-0.0221944519471585,0.00677327591314057,0.51415235429326,0.446799083945422,0.366826131082464,0.209146995836475,0.325221219817504,0.681364975170214,0.241138621755258,0.224072087470572,0.0283316070700429,-0.0793848474059799,-0.0713475929803715,0.313456579620158,0.214795952283372,-0.205947176025742,0.311507861075888,-0.296657283615608,-0.237805618152756,0.0850075338181183,-0.121048461604451,-0.102086482099094,0.327541179602815,0.316837730891528,-0.156364256816231,-0.155328557272094,0.166343875531886,0.363321000100419,0.0280775318587883,0.130844689110552,0.229446137348217,-0.0897560564440324,0.133970435660042,0.342686841588027,0.273257927531147,0.0185940069560555,0.0299051096339114,-0.222897269581039,-0.0983365183346156,-0.420494020708258,-0.0776286799107433,-0.0901187267696347,-0.203894647339815,-0.0791201618451661,-0.404683612123208,4.90753202391878e-05,-0.247374814367719,-0.0983869835541505,-0.256295306153633,-0.287943716007152,-0.214969917283237,0.0724060936482595,0.173156793980439,0.103137541819404,0.0761399973681197,0.215379323499728,0.140326569060231,-0.0827847592094531,-0.147037210846392,0.0182100799673006,-0.00965854815628475,-0.0770463175848316,0.163646844924577,-0.126415010243847,-0.0805503135381346,0.231715080169707,0.0656592248435556,0.0497459384088624,0.0392478341801252,-0.0502449986443771,-0.129368582722797,-0.280157842965567,-0.225640292813938,-0.0342256493650783,-0.00902930043109137,-0.528027695195261,0.183652484933598,-0.187511051873572,-0.388389640683367,0.0943971475658763,-0.091755553025594,-0.188201717524075,0.0854897648572468,-0.00136521603664388,-0.304842709334644,-0.162946375014661,0.243420379729302,-0.0390409925786886,-0.00279677277624352,-0.0668981117560335,0.00879363341477288,-0.495872904779178,0.096088574168283,0.135872936080551,0.103275310348118,0.0128116993538774,-0.0280408725340108
"HALLMARK_G2M_CHECKPOINT",-0.572821693178218,0.0572763914034948,-0.28076629780338,-0.110755094688917,0.40784741213928,-0.0585405500364049,1.48922617870108,1.07523420920349,0.0259024375561931,0.120211253053764,-0.211028535364073,-0.280662019185415,0.234234303937699,-0.401374977873361,0.108709056526518,-0.281566090703853,-0.365105836866129,1.5072872143635,0.653492354390459,0.0273069739403406,1.07252543795268,0.891130244041768,-0.26061231724126,0.197342935061188,0.0417500366294748,0.119280916165847,1.04896889530472,0.175135891204326,0.188014271262729,0.220093667698674,1.45941884713514,0.106686397322133,-0.00658327398084066,0.259267493591886,-0.132126864034975,0.909477059703956,0.162006746809675,0.425830329575058,-0.397230588377399,0.556658371578728,0.430051757731489,0.668409705667265,0.970632451339128,0.177828158349092,0.361562774950255,-0.135252466763305,-0.0183577878736689,0.324292951064128,0.0246180137358489,-0.0916498742668197,-0.202543241229596,0.119244596659337,-0.0847801278730843,-0.038693055069612,0.533927963955336,0.182071993215587,-0.122450034709496,-0.0723953780299744,0.925235438160582,0.129515251375774,-0.457871514772497,-0.294266537116159,-0.334185352260906,-0.245025232194097,-0.298703672936208,-0.25975671374504,0.127079404120625,-0.0928372735343168,-0.111424619016544,-0.409968199920997,-0.455297162462427,-0.278666726838828,-0.350993501198451,-0.259692511121735,-0.21547336529809,0.217716727992267,-0.145909521724136,-0.239548250941571,-0.2675629989613,-0.275111126956345,-0.324430035735038,-0.403144737304936,-0.247896835378664,-0.299164032666296,-0.368549873465537,-0.211149943181841,-0.276174208608808,-0.31963428996898,-0.247009432095129,-0.34832681172222,-0.131774627910947,-0.15470847927791,-0.258506869254682,-0.403530692353368,-0.295724757651559,-0.485689674438688,-0.257284505129982,-0.160774140539005,-0.656292319951343,-0.266788540044886,-0.421903976105962,-0.381350719904024,-0.000353271262952015,-0.150433737161008,-0.363468549884274,-0.494490847940639,-0.125175036360634,-0.0835029650934144,-0.246486906443568,-0.0851367817767963,-0.367634392436706,-0.28250140541855,-0.109743761211773,-0.233116137853529,0.172512457907863,-0.0789859390627562,-0.134066389110661,-0.139685990068315,-0.210218749498159,0.237385776944616
"HALLMARK_GLYCOLYSIS",0.281270218179741,0.3607707003591,-0.355365341166222,0.3529284709669,0.599144994640352,-0.141091133210573,0.615616088935178,0.513101713687438,0.265486036325983,0.643172066779856,0.136107472270083,0.0748980799183529,-0.0290336335557177,-0.286537798635192,0.0160509975834502,-0.204477869329701,-0.117411100451504,0.243431807438815,0.633843563716137,0.456443540616565,0.38504307155824,0.636247370849661,0.188226497507385,0.476319348887528,0.0610480753667474,0.479971474872863,0.759890160011976,0.535032847394706,0.302658205679235,0.554943943753849,0.637460309726104,0.304427743459746,0.298148964709131,0.443538146463267,0.176734146420286,0.699126612319385,0.121959240246598,0.287104984609284,-0.126761744971396,0.747761570690869,0.303418696775902,0.285312137928445,0.656150763219683,0.163646339392415,0.430251109753131,0.45628559963501,0.258680927505459,0.127095319935768,-0.0335158775404528,-0.266376513488262,0.123479432592259,-0.0447883398226506,0.24584871710196,0.196005047554929,0.545356195396315,0.466949279502605,0.41290830930632,0.0973991171100671,0.615340922659772,0.127017549515386,-0.522646219161268,-0.386752607801382,-0.578475537913696,-0.319006695959615,-0.337338248023002,-0.356332993727121,-0.062930935349884,-0.387254978178217,-0.199995230791449,-0.473556381884032,-0.401223312969443,-0.230610157394306,-0.343688845257341,-0.340865875061813,-0.245396071231864,0.108360049588993,-0.262729528562914,-0.302178819762757,-0.221691897515563,-0.127777746121785,-0.287181052341007,-0.310634512177201,-0.257774059342113,-0.324353313699442,-0.320365699498904,-0.189941160835285,-0.387373376749775,-0.265188498780808,-0.159947948764212,-0.324051066573174,-0.315414607396989,-0.321863249680076,-0.354272004891234,-0.534278529178353,-0.398618477099836,-0.510096833492341,-0.352938711484925,-0.247486590587163,-0.375590696395759,-0.180738198371498,-0.379500335280586,-0.103098671171691,0.0579767189704423,-0.267377312697901,-0.547718078349201,-0.305840049882639,-0.19898822364401,-0.219084038891197,-0.428816445108315,-0.181743981047615,-0.393277497902887,-0.347926620038309,-0.0913444670020633,-0.189198695672737,-0.255835079805533,-0.266048233357216,-0.0783363952083915,-0.188900614936885,-0.343627723948295,-0.054808213264981
"HALLMARK_HEDGEHOG_SIGNALING",0.0953913888149766,0.0485702432043126,0.274601685760839,0.0652204691673737,0.142066176361448,0.0544190573443367,-0.204449544275674,0.539192710397708,0.302413849800925,0.1087022338859,-0.052683449323939,-0.31596306974426,-0.229512194165526,-0.297986561323117,0.363155798460203,-0.133216515055329,-0.30233108725664,-0.428671117036981,0.172403811223008,-0.185841701897869,0.544941747471802,0.00521447721980881,-0.210390113665605,0.180049836110813,-0.129298293052122,0.163182113887171,0.228907341647955,-0.278750325836096,-0.352131155376297,-0.301533725197496,0.138497110974379,-0.592927225240457,0.0491643567261193,-0.0929463579250288,-0.0389767304350605,-0.133033546685952,-0.133254966268407,0.24084305333215,-0.0899532688671008,0.0469553135571203,-0.191263465746758,0.00437007775191849,-0.120263284039609,0.30347411110725,-0.101051414385761,0.152747829367272,-0.28671944089367,-0.143216246528733,0.184626189253223,-0.360396579664945,-0.163397531887902,-0.0116207658949402,-0.18544690127413,-0.133974896505214,0.425815704516825,-0.075036876974507,-0.187166695899562,-0.336257845035077,-0.0444742768732645,0.0891988308754063,0.0576849943116124,-0.0120293126804903,0.137817485953356,0.194085253035611,0.122399437421354,0.222474906234282,0.314674755636402,0.142093485257142,-0.0179644803267424,-0.0434378991221259,0.0739187284103485,0.125064549968453,-0.0057971836548145,-0.345215649896305,0.265031144349157,-0.0469981142744569,-0.201216774502836,-0.158758704031608,0.104375873358754,0.150679791314055,-0.0280760155881047,-0.113294396281223,-0.298158425485653,-0.144412355317163,-0.0952013020553142,0.0835500005137347,0.361253265202359,-0.142865009088631,-0.151149178896528,-0.0340011296395634,0.0230325852398972,-0.121685415659127,-0.0961495980650506,-0.0996724885834866,0.421009843957137,0.215871220964386,0.224468735221142,0.253114248794255,0.129298304348111,-0.0237605725226318,0.093104132537261,-0.0137387968199162,0.139649597564994,0.229755814587573,-0.148999750606201,0.0868974546643846,0.00457423521683506,-0.0829583863360886,-0.0853866330096597,-0.279215970104674,-0.212790017670411,0.111098333144057,-0.215260797027066,0.141390808377321,0.505112506646218,0.0352007380853676,-0.0712856453774868,0.105280670561248,-0.0415951292339265,0.17712388299319
"HALLMARK_HEME_METABOLISM",-0.0100736091928267,0.114269969839005,-0.349258717372469,-0.0869660443491999,-0.0723402017514792,-0.288641433640295,-0.00150475937074297,-0.0757108705684879,-0.0892837674581584,-0.0412799845464501,-0.160584617274174,0.00323438129441453,-0.174347414422989,-0.0668041160518124,-0.143584965298103,-0.302290497930051,-0.320678490594809,-0.240778170235296,0.12641877118135,0.153962921354244,-0.0600005908474565,-0.0624117686738059,-0.0173455494387555,-0.110064954894663,-0.0793721630709241,0.115580475545538,0.198492165649447,0.0114113791687429,-0.0113014524091563,0.111516504306997,-0.0885814911420862,0.0125186519674669,-0.058514216517141,-0.295603820961112,0.0217583705044026,-0.201031280001003,0.162304428985269,0.0492845027324383,-0.0895301555567126,0.0712874138219243,-0.280455347269766,-0.184653925764406,0.0816326713434199,0.0742265696581913,-0.322837845417918,0.136216077959896,0.149056135899197,-0.0816608296915741,-0.0845709905288549,0.0295291703482417,0.0603798212081889,0.0131712987423811,0.113487141968035,0.0751657176186788,0.0122430528560502,0.13677751625402,0.36185065788775,0.0939316778819191,-0.267882111043175,-0.125008947502265,-0.166117789811453,-0.104464856966634,-0.0999042230773041,0.301608316927782,-0.00540147806201746,-0.130029942005997,-0.0438374367263107,-0.0520200177932214,0.0353965946409868,-0.0139700771381707,-0.0351259541915116,-0.125020557881365,-0.0433044400262106,-0.129759284043074,0.012092716753354,-0.00872227271517193,0.12172140871887,-0.0268663525005738,0.122533588785759,0.0695423646834981,-0.0424621093843898,-0.0496678283822644,0.0360003477724231,0.041522610013169,-0.00462750913840473,0.282635936192258,0.302170086978928,0.0632611994737367,0.128311184146422,0.122875059430838,0.097190717570795,0.203220967429811,0.0170771368072861,-0.188908345395989,-0.0129089173741866,-0.0415154483038644,0.150383999636677,0.0873995429721532,-0.00523968159173001,0.126111585136954,-0.119245825869419,-0.0612135309468752,0.13498978472105,0.114700160683708,-0.137999768770355,0.200108441519446,0.118794570175372,-0.0626159555535489,-0.083225139626462,0.0477598885698742,-0.0352848625557473,0.124959949619196,0.152152622498382,0.10624749932586,0.228464378091444,0.144217974915777,0.169899326279581,0.140498041140529,0.0871156094427834,0.0937436495885543
"HALLMARK_HYPOXIA",-0.126109379974229,-0.15766370789974,-0.181703439303993,-0.0474160209874165,-0.0104755052123495,-0.0140318704827128,0.0218089234463888,0.102241909779162,-0.0323049174802514,0.294756061628095,0.0771447812588303,-0.147593270557946,0.21560852167912,-0.0646152540832469,-0.00888003363170512,-0.4133142011459,-0.444918757721692,-0.366217867415781,0.354910355639724,-0.110619850703011,-0.171242249363279,0.145727582001992,-0.321298163625254,0.235091638174116,-0.134127553183006,-0.110771723827711,-0.0803586671423552,-0.113029992812383,-0.214860027488739,-0.167461286535436,0.00479594234087702,-0.134798459199649,-0.0811506270448679,-0.082285813765273,0.0468300083854833,0.145548288898132,-0.200853358072255,-0.0956105901567416,-0.235722045334714,0.0344608441190537,-0.152268076903262,0.19025820847593,0.294652000126066,0.129926110392959,0.0444876166724834,0.211941846937192,-0.210696136741084,0.175600530245306,0.0992088386501268,-0.191312649043347,-0.17447936739308,0.0303844028296903,0.0577592768688803,-0.095138120794188,0.520837694881666,0.0498932228916519,-0.182963758077425,-0.147502204668998,-0.0455820981956521,-0.0523240284372235,-0.152274658997731,0.00370069927833844,0.0865144041521313,0.0307179992215171,0.0846925243310902,0.115351725789742,0.0797259821739568,0.195641771120077,0.100779434069805,-0.0497457765951313,0.0511149993340768,0.295071888696928,0.205731734320056,-0.0625957952802294,-0.147116530001824,-0.0178111105204789,-0.0739684499324441,-0.145249670726528,-0.0296414015705286,0.0348066800478576,0.0473440146830393,-0.0945088323729696,-0.171470679202083,0.0702156390991962,0.00776843259894575,0.112086161280754,0.0593987056717423,0.0906619645572766,0.000748007883385293,0.0613635892089465,-0.0470503171780574,0.0392283007982555,-0.00620377840391279,-0.200681796202333,0.185320736902169,-0.0592892556379342,-0.0243441681812213,0.207693086605999,0.0187303218287414,0.0187201587720331,-0.201262447022563,-0.373181455709534,0.275964090766839,0.183257109490141,-0.221687345984594,0.163785684599893,-0.0400717246968549,0.242257612923051,-0.0340105726515869,-0.134713371331665,-0.00155734053143382,0.0918832004999826,0.282263657644166,0.0540772602975923,0.416408410645589,0.0226437150047015,0.0897178871842098,0.15989463197844,0.00416213775819578,0.136818585595699
"HALLMARK_IL2_STAT5_SIGNALING",-0.328692555169455,-0.376297825343001,-0.1950317943514,-0.157999106548945,-0.16299652651487,0.196243199651371,-0.118380915305531,-0.0817841248000415,-0.0345486186286524,-0.0095028307310788,-0.0439036490119263,-0.236984028061612,0.332077702920946,-0.0806321650609513,0.0333085243013405,-0.540344285841007,-0.477353641131209,-0.166856778813831,0.122126665815715,-0.0851824180143491,-0.188409964313468,-0.132696693430224,-0.231526263977706,0.163669599123327,0.11626759454508,-0.120603855862585,-0.25588523386581,-0.195250577374175,-0.111286854537689,-0.264382333392668,-0.292002440777267,0.0517451911334972,-0.00806130753662264,-0.495272416091517,-0.168704626849574,-0.474286205369795,0.0997330995653372,-0.140962819806302,-0.114178697463875,0.0196046068041041,-0.388981123885486,0.0972121849573677,0.25597424695935,0.104910353896767,-0.273433228023895,-0.0271571220030702,-0.327215542970317,0.200781907675381,0.128167504149326,-0.0178696818424737,-0.156597470668978,0.406589750838264,0.161953464652733,0.0374262033076065,0.470817975295927,0.0463563114675666,-0.19447103066574,-0.248571174559565,-0.23021467677421,-0.12178493709383,-0.18873587472676,-0.0773506631561877,-0.0118965169753118,0.298018825970384,0.130494974035594,0.105789869091123,0.0320477842494728,0.494139625677636,0.30683219873261,-0.0389840466514677,-0.0106107586183574,0.226326302176336,0.171676262325239,0.00304369135087903,-0.0593404550184517,-0.113502524827049,-0.0491791903813861,-0.136566972008495,-0.0267012919122082,-0.0164164173938887,-0.0206436339125534,-0.0615296853746422,0.0457681029077627,0.0689707867423275,0.0448356828357374,0.220590189986356,0.0963324506155831,0.0565999651739479,0.0259574718907081,0.085486089852538,-0.0578025845294779,0.195245513859624,0.144434204723338,-0.169225339351696,0.28655171041736,-0.139143112431115,0.0539871122186096,0.197704881781813,0.0467643202543841,0.0972681573871854,0.0868159704867937,-0.326452161702176,0.488075360885995,0.140721670443219,-0.256339537852914,0.0704704168993289,-0.0782237549841826,0.263235383747585,0.022850300093878,0.0551695864756497,-0.0162294777390855,0.175851330515054,0.442510470157138,0.202208245025495,0.587492144745889,0.285662453800667,0.186776416461503,0.191898721181938,0.0144525713230674,0.437148238451406
"HALLMARK_IL6_JAK_STAT3_SIGNALING",-0.619411317526769,-0.523554746663054,-0.271229745052316,-0.495537383470222,-0.232653379991789,0.123300281771319,-0.143961626700786,-0.454795684701428,-0.162788883012737,-0.177500418466374,0.0350076229802859,-0.287789163035471,0.54069309853077,-0.0820811738082076,-0.0699075541702016,-0.687216228434412,-0.657122770104091,-0.196833353025265,0.242266715911404,0.0222657591482944,-0.610136203631439,-0.258192399235321,-0.416202851601193,0.197411805100854,0.0252368346596694,-0.151286357621858,-0.492215819728925,-0.317516131624887,-0.166354265563689,-0.310656203845413,-0.470958439861571,0.208993497351096,-0.167825157932717,-0.669601155012641,-0.0560460620467461,-0.55067615334552,0.126198329359307,-0.19085010456344,-0.0766912508306995,-0.14363570046565,-0.472904928366736,0.454978613163923,0.548579466304525,0.101017069051638,-0.277327258505426,-0.00122033747152776,-0.332400406400576,0.327572075832015,0.260178792327311,0.181527281745204,-0.191227521538931,0.589423101124524,0.0857728609685718,0.0288357761787389,0.671034078944552,0.0765699958852257,-0.0478161151173673,-0.423585911653053,-0.7061736194683,-0.321395992514203,-0.380302963582822,-0.0906629499759959,0.17672025474734,0.479500432247474,0.229970455572829,0.0773207265119669,-0.128288936168144,1.07696328513392,0.562009117217837,0.0990137007286394,-0.234030272854532,0.273420606134977,0.167236995089328,0.143891141502058,-0.259817985160124,-0.324263458754288,-0.222711148770116,-0.273552080971417,-0.0782499718412111,-0.196326590920201,-0.247865099353857,-0.430491530395294,-0.0528623244819353,-0.023969543073607,-0.139349464163,0.328756451403809,0.155834553877365,0.0597046406809178,0.121077408656332,0.117472093433512,-0.0475594766088512,0.299244501692201,0.256528976990656,-0.127532301144992,0.50700531751184,-0.264043141572075,-0.00806725882858832,0.118002462501696,0.213666411110965,0.0951191490067632,0.278193693338149,-0.393843070170419,0.919261460219034,0.102062769605856,-0.564565178135685,0.130032044956078,-0.0673457186083889,0.311257079539638,0.199029370837914,0.294379644931606,-0.0253178460617776,0.432744637479264,0.75330713844107,0.258850333322324,1.18976975959362,0.55221449361517,0.449946621410726,0.245782845544299,0.0332321248353139,0.910912331946468
"HALLMARK_INFLAMMATORY_RESPONSE",-0.719046328262297,-0.522164151231095,-0.421415376257258,-0.469068731661501,-0.206881372712224,0.205965052983011,-0.220166208825314,-0.510646657717231,-0.0823545189837747,0.0222529342015774,-0.0487482211601144,-0.285405651226411,0.625689118651853,-0.191554834805253,-0.0790790977595413,-0.710532062445628,-0.712728292910947,-0.178804021036752,0.165563199205263,-0.111734742185792,-0.547045893917334,-0.201733497039839,-0.428592217970361,0.2522735543351,0.0456360260569852,-0.375606359227063,-0.581781320364298,-0.311149950327382,-0.208502353646516,-0.401547747937406,-0.578719427868359,0.161529840153039,-0.166216282912315,-0.65521588869407,-0.149773784523266,-0.703972920866701,0.0976999827919346,-0.188406623470626,-0.195808460459084,-0.0254324508964174,-0.641881951309299,0.418357855578289,0.537311655737884,0.0713109937824492,-0.289540411390831,-0.101643668600547,-0.391070341860145,0.416984249508044,0.118192966500268,0.149076328046251,-0.315006373472735,0.537270818905934,0.114152716807052,0.0262118010386907,0.536559508711318,-0.0409528074320828,-0.284336963664644,-0.462732321487774,-0.555032846921931,-0.335882821588875,-0.361115401266434,-0.188005541422275,0.0690967698929898,0.59836074483755,0.374019371279997,0.24194407452166,-0.0373254446844437,1.17413372475087,0.725770727670441,0.462899479125313,-0.264098146088205,0.319276709155667,0.134647570954759,-0.0576946662666518,-0.104543330545291,-0.254105125444152,-0.0348876106852443,-0.118260248613667,-0.0218135838667781,-0.105714086838894,-0.0961399067530525,-0.208134948472363,-0.0556942690173821,0.0747185094873435,0.060639891605668,0.330461469294452,0.139727181854273,0.214788507595177,0.0856131157700386,0.232363991214282,0.0242693880865284,0.349077303574868,0.383345530504203,-0.0938259685522908,0.405897671329091,-0.267094723072501,0.0480490399965306,0.215470112881634,0.0398055831051335,0.141018310592497,0.0588110746934811,-0.484374969679062,0.903053904162699,0.0963027269330297,-0.368010000251107,0.0353937452035019,-0.0492613447638076,0.432220941201335,0.19571361356996,0.206618676718598,0.0421031773309473,0.350029982356758,0.81889231477705,0.299849520560824,1.11736594098194,0.470773460500741,0.291562065329139,0.25124956701878,0.135820077643359,0.72482110225661
"HALLMARK_INTERFERON_ALPHA_RESPONSE",-0.772450309648419,-0.358120642745059,-0.552430728560956,-0.625633787303549,-0.245765136847021,-0.58078635188031,-0.260913147000176,-0.405424615239933,-0.246084262759033,0.190311340544473,0.2068143590164,-0.285708875972578,0.383652400446771,-0.577876844680481,-0.535904709571952,-0.705415880012599,-0.596617233143134,0.932996723229496,0.321549784413049,0.885778320841697,-0.366653239128927,0.6322667923858,-0.480648719806072,0.337423042012253,-0.0911135186706099,-0.401393613253805,-0.786144444987377,0.941553480836757,-0.12773700679501,0.298959186083238,-1.02767272338889,1.04172278942464,-0.274835763059187,-0.643190096789248,-0.126287936948336,1.24646166482833,0.470203622572316,0.277956305268522,-0.32919337491238,-0.248225506587513,-0.938945218495875,1.04775286528904,0.525348442230063,-0.48751246214664,0.00815462131852358,0.0215873815713158,-0.450172609698917,0.361745146522764,0.0617415474280986,0.353390068042506,-0.436414220334566,0.176187006483524,-0.251227099889931,0.303518296782289,0.429224586018886,-0.316772470449115,-0.228723108549101,-0.650898965221812,0.0196402331809501,-0.426505604871122,-0.250611238355269,0.194790675251408,0.0993381526074953,0.632523987126478,-0.190487253486046,-0.200535217008889,-0.308589694895936,0.526763978008932,0.294392733665026,0.114249181820299,-0.555977449006704,-0.133348313193328,-0.499406632410656,-0.326710274776713,0.274818665105965,-0.43801111442307,0.0988263358665004,-0.10955344538912,0.292906364431182,-0.109278610039079,0.140733774079689,-0.114590841896669,-0.125889385779088,-0.0308241597734104,0.215466392848311,0.107471555307072,0.38645450130555,0.0145243894810847,0.0952014733396745,0.158597442096757,0.177781000697713,0.440682029478175,0.275438971522854,0.135890842355588,0.00935766895288466,-0.278246696315224,0.190077417453421,0.00451162277431417,-0.143364877943035,0.113701337300377,0.526106188297548,-0.0578540382509903,0.248865858799877,-0.212653286129474,-0.470660246462711,-0.145379472600364,0.429902227149602,-0.343937495747458,0.28022762268215,0.259046488046934,0.079766568094326,0.2428691614316,0.0462592802852548,0.487405896751112,0.153613180491307,0.5997106977877,0.209662214244333,0.264354710065613,0.118367868365478,0.468711511091521
"HALLMARK_INTERFERON_GAMMA_RESPONSE",-0.813524304844738,-0.47257321628899,-0.392246993885019,-0.537912991897179,-0.277024134598717,-0.135037299437324,-0.173585420680127,-0.403037318795497,-0.131895153255363,0.109964495878611,0.110197782071387,-0.243306211265857,0.518547448685961,-0.319103850902197,-0.268690541681203,-0.728819090426575,-0.799105131567547,0.556527147463988,0.346116622374724,0.402644730882152,-0.56857783827046,0.250370544893788,-0.388870155278821,0.361470717164419,0.106984889611541,-0.352938651061204,-0.996982265170599,0.31551544408283,-0.108003482738035,-0.0142128460044198,-1.07506238416816,0.655654247356969,-0.129338815148865,-0.601086473675186,-0.261769362047008,0.206847364118998,0.283677346768282,-0.00173528763067641,-0.234519614135155,-0.305439619562958,-0.875035247093511,1.08778297880706,0.448174652801269,-0.189324636671467,-0.0263932495919006,-0.0461707703920943,-0.419747471662574,0.373776838296302,0.16699590662277,0.249355220893758,-0.420079984250362,0.532196961947071,-0.167019618936095,0.206250029636101,0.635158547294369,-0.244790118244513,-0.3088009800129,-0.55522013578418,-0.232086476976374,-0.421907159607601,-0.238910764036591,0.0636111714140913,0.101841216378908,0.612628181936839,0.00679782087690774,-0.0274474657097918,-0.228539725997166,0.820315101921383,0.47753762463683,0.212635229251353,-0.404226413416447,0.0479065160560908,-0.168749223023517,-0.14988095486569,0.0611277558961466,-0.355901313688625,-0.00452967169800571,-0.135443873164776,0.103433501404163,-0.13301665662132,0.0139432384666417,-0.210667083702097,0.00493651750016825,0.051131425745052,0.149278957341775,0.138767942421236,0.175001578547293,0.0110152618784752,0.0928799569002933,0.14709222746806,0.0888233271265705,0.400813783821196,0.338133581123997,0.0620736308907453,0.332011974756483,-0.280492544388296,0.0999351049592306,0.107077352842375,-0.0402844618573204,0.11803831044114,0.605129895245945,-0.179084714537926,0.476804236557994,-0.105510991439358,-0.406041671165354,-0.151636747453734,0.197199500530234,-0.00764334804083117,0.188248872572223,0.236917549962312,0.033978072557506,0.239007162851207,0.312608668929251,0.394659956002866,0.527915442052145,0.616662462639191,0.245984723329088,0.214877700943273,0.0527221516090531,0.763267323010188
"HALLMARK_KRAS_SIGNALING_DN",-0.0169013161843772,0.0762501151604012,-0.0261916412495024,0.104075472124162,0.0247997337791919,-0.0947175956767165,0.0228810706686521,0.336567178413791,-0.283747617284688,0.0571103658598242,-0.186782762367221,-0.0938280823102211,-0.241562888272094,-0.247852546267677,0.0435837477533138,-0.155362407959145,0.0720615824893502,-0.242942643475085,0.742590198283133,0.321394479613289,0.267278904608495,0.245552086679712,0.0181017454633699,-0.205737036363689,0.0846694172626469,0.288512672884126,0.340205348662215,0.28945479949059,0.0854219542047808,0.0871430850849623,0.169340420243807,0.0849400594402113,0.037396254858508,-0.285277665245253,0.351599730555733,0.438659279235969,-0.0142077467656169,-0.045677359563483,0.302949602152171,0.329729040218632,0.766281117349042,-0.149554947447494,0.0841592893879332,-0.0549561415866092,-0.255110521674069,0.385072603479271,-0.10122895067456,-0.197791078987103,0.0465456792275012,-0.266145886083816,0.0530001492990725,0.167690269663181,0.258918308217856,0.0419428050573532,0.466048292026765,0.0466579903427155,0.271233946394797,-0.0805197647725672,-0.131232908483882,-0.289181296091117,-0.417664569216442,-0.302717409397215,-0.0903976535063716,0.0734507334482237,-0.12393871841177,-0.0677486040240771,-0.386270645508179,-0.0457148264832563,-0.155572812654863,-0.227004351038412,-0.336496829689407,-0.0280284401138515,-0.326270869856845,-0.274506373306255,-0.0986122310452727,-0.0754139411775309,-0.157068381960504,-0.147716031731142,0.0718883315484994,-0.0376380372636962,-0.0556293797871113,-0.0319506001426382,-0.176292344696873,-0.174234218119122,0.0497575330860627,0.0835421925572905,0.0391123302970319,0.130305949902215,0.0267887074159219,-0.000194693422106455,-0.156296908016542,-0.115568754777267,-0.121481229054932,-0.424664396916695,0.127861787612974,-0.117764726455004,0.0266209018360367,0.0443823145190769,0.797869411624934,-0.0775625182922907,0.0662939058406196,0.545221898191004,0.132429668119787,-0.0810537699873433,-0.522363338620862,0.467167846585098,-0.103065591568893,-0.0058689021531962,-0.374008828836318,-0.218245481782476,-0.261988085943993,-0.0991175954163854,-0.079197343359594,-0.0983648996046039,0.141370430130943,-0.0794059900548003,0.000895071490856011,-0.0187492137194529,-0.172099854442559,-0.104317613500971
"HALLMARK_KRAS_SIGNALING_UP",-0.186937418538067,-0.554706766200481,-0.0925530898811225,-0.145891847816512,-0.100761461701127,0.195127370697506,-0.148274047607697,-0.334707143549511,0.236086093677154,0.131239238970251,0.0737449597653318,-0.193608778312679,0.253112544635014,-0.0735227731556595,0.192996452984819,-0.597148376213437,-0.532571303130803,-0.238292206129224,0.151653805264733,-0.0368393716257947,-0.133158828713511,-0.0409040445460805,-0.208742274576277,0.301583972366244,0.0579678731901649,-0.176899463942418,-0.196713927839593,-0.282216906906195,-0.181023992361727,-0.226623018692399,-0.12637516466178,0.113772440617213,0.113731091085534,-0.39615817639002,-0.238030009136198,-0.600825086739238,0.0643608765438985,-0.110444953209735,-0.3235190742733,-0.0157268425420288,-0.632684131412096,0.0381535925244604,0.321342738407479,0.191313878450215,-0.0919708810726872,0.0525059959085807,-0.121126887016914,0.254415759850496,0.209530636284014,0.192043047587794,-0.152182248095225,0.360778006782332,-0.152078395772458,0.0386968114759421,0.419491239119477,0.128810112177549,-0.271184169583255,-0.408014863954475,-0.258956228298831,-0.254440230652595,-0.112902166419912,-0.0257305552409127,-0.146408594749108,0.216272126849442,0.136879973142313,0.159193768439615,0.0987294733058867,0.461662461842739,0.210128537511242,0.10830414466396,0.0198322428783794,0.219314593995079,0.143841331353782,-0.133277753638558,-0.0796804209643479,-0.25453088576622,-0.0792626166201976,-0.0266033358862225,0.14496302431543,0.139374312222436,0.0574332586515964,-0.0848137648994624,0.0623878070720176,0.0756483841092597,-0.076706262975204,0.0714922056213837,0.119068651394969,0.00783666701141716,0.143883744109378,0.107115683676078,0.0453322590967349,0.177865704869171,0.231060249263336,-0.185448719004135,0.118084068782805,-0.165656568576806,0.128637257084665,0.228685629523317,-0.229438329696808,0.173498510001584,-0.159068360151535,-0.661350765573541,0.508525640822096,0.218684865906464,-0.217069715907632,0.103170425174914,-0.0162308925945847,0.138847897584245,0.192229856080821,0.2084370390429,0.142030464829168,0.165946599148764,0.364836797548314,0.208668413737473,0.486312986689414,0.32516240389159,0.163055022020174,0.143436142933661,0.0916860567048503,0.129978871647264
"HALLMARK_MITOTIC_SPINDLE",-0.156067110938599,0.090760476638819,0.0622824640241899,-0.1771149918911,0.124348257712882,-0.0552481794320319,0.569833645198695,0.284971704383545,0.0791283839205119,-0.0425133909972553,-0.0480908215472269,-0.0998256018733057,0.0705631563814846,-0.18160434645962,0.0265648163738452,-0.160731158120647,-0.314810520148835,0.434337588005619,0.215148777994238,-0.128704886411314,0.29528650091878,0.293033706032472,-0.182014147831223,0.0475497346386877,-0.0731135987147996,-0.0352285238023663,0.517376626585246,0.0773475142574274,-0.12140081675629,-0.268962684158967,0.397460491128177,-0.147480913620529,-0.151522855692778,0.11364620499788,-0.0634270952213973,0.280138951398559,0.102216311179674,0.142031659101649,-0.209494827681788,0.226711612530627,-0.0562552441190727,0.298404333296068,0.484869029030789,0.262051797726589,0.161408816036664,-0.192385414629871,-0.10374869344161,0.101594545499608,0.0390429316808837,-0.194965812195389,-0.325043437025724,-0.0563179509951864,-0.118016833432208,-0.0948955737811982,0.216799337770151,0.0625026862274376,-0.150472082869862,-0.118820625378567,0.370217964989914,0.0377613858589551,0.0217984240683989,0.048721409206216,0.198268127342693,-0.193591238080356,-0.108243987724485,-0.0274545355653409,0.0352861881381851,-0.00365763704245295,0.00830277488936341,-0.101473640018181,0.0168995779207466,-0.0173505352018898,-0.0720836120072947,-0.0919011199699203,-0.0960704110338972,-0.0105283641392745,-0.119533728004227,-0.16126880804022,-0.147883052673055,-0.0587524309282512,-0.0715739544355079,-0.0280985874300015,-0.0795993022267561,-0.0746323653886914,-0.0889012338466446,0.0408268468752882,0.16786561305012,-0.0251771883660632,-0.246771035038677,-0.170146253313595,-0.0326654146616875,-0.0837646725917439,-0.187027737719005,-0.0450577648494347,-0.0938776227229914,0.0761450266285614,0.110281821579186,0.0768191922500068,-0.223565392098876,0.00253694159400477,-0.145829892991522,-0.177226532688398,-0.0379505793628325,0.184519115108264,-0.105314421191764,-0.279792100944028,0.111235270177166,0.0463218569426527,-0.0276622288874838,-0.113674167457879,-0.216321505028703,0.0157152636770682,-0.0209114232534638,0.0254864926822486,0.192954036671434,0.0212696525288934,-0.0124789271080037,-0.0790990550148216,-0.0634239696025301,0.0819695249681406
"HALLMARK_MTORC1_SIGNALING",-0.241473054251457,0.158124305435629,-0.710390577333723,0.0810272794801355,0.306571137757543,-0.15172583652739,0.974070762266561,0.542884904320372,-0.0359360118111246,0.18464622901215,-0.0289812029561295,-0.0616926713008808,0.209214602347772,-0.295942096703967,-0.187226081964569,-0.727715927803204,-0.69452738381337,0.198135921691572,0.825529545057719,0.409898512033565,0.455674955899347,0.391038066807882,-0.129525998520897,0.289860918183281,-0.0727459513978189,0.0608849580454603,0.609962493224466,0.306534145694589,0.313895860195,0.356324663730913,0.925254444641496,0.232722133565691,0.159699292796065,0.0123766012851168,-0.117011693265885,0.115870223122126,0.221324034682927,0.228855711646587,-0.425532005327839,0.477807772375275,-0.148938210773941,0.23057561215533,0.710045343390703,0.0716676903890832,0.0584854515415672,0.229184073230504,0.263810419088042,0.202659460118558,-0.0177271004306126,0.0185033617784781,0.0496955264675149,0.200003526533604,-0.0413727324344646,0.0364712049911446,0.422627324218404,0.526578259130588,0.42895825166022,-0.0794419328628935,0.471070511362473,0.0762415603877236,-0.41940626579943,-0.16369483880278,-0.477217301473532,-0.167831917725495,-0.257382599773137,-0.282650417042764,0.391781394997026,-0.0199817068042516,0.0788857584309881,-0.398031583362362,-0.366135750986063,-0.123272473274634,-0.144898766660988,-0.185750061690861,-0.187870497447157,0.0943507726322151,-0.0559704227225277,-0.245845964876923,-0.0808174449141306,-0.154580052310807,-0.216122260372456,-0.460081695545139,-0.204229881562494,-0.14968142363271,-0.383752980511145,0.0692574516881996,-0.221260412396693,-0.265794273445367,0.154345533886396,-0.0675949471724796,-0.10985962499586,0.0211804660703135,-0.155456005327519,-0.38476119025372,-0.091187206356479,-0.525655244387574,-0.185647965290842,0.0379587723445216,-0.900296492678409,-0.056217771029083,-0.377162613004194,-0.887412300824338,0.235591943796397,-0.0715404166595581,-0.475571848602822,-0.304932369872724,-0.245242538741725,0.125693865243851,-0.164543873708115,0.0711055416135925,-0.209707755047875,-0.087871678685618,0.134543569955114,-0.0638015008431494,0.191727623446853,0.171845290025715,0.19012624468218,0.0468346651598441,-0.0908833401433513,0.195518200522998
"HALLMARK_MYC_TARGETS_V1",-0.579000404013006,-0.0894445944081692,-0.490523704585917,0.152771639741053,0.36648523174941,0.170443738930309,1.17602677401732,1.12241681345088,-0.085239275810143,0.200032915762355,-0.036846781046305,0.0466191611682897,0.144633733522842,-0.308819622212066,0.0671031186599356,-0.765130533483779,-0.515143357591767,0.543040988943208,0.624258320869251,0.102931261365872,0.960952504124353,0.435672987917048,0.0448007387257779,0.253315628579723,0.157993333985798,0.279134988669788,0.657732961435619,0.184551713648052,0.30788196452351,0.548153200282362,1.74441801245122,0.287449551526284,0.146644145280269,0.210385029892571,-0.317687437912855,0.388213699133754,0.238554740459744,0.20662193381259,-0.572635561732676,0.338136924654054,-0.212115132769459,0.41768608143332,0.518701577090577,0.132245844421374,0.275475010305843,0.0514482343534209,0.538230741558623,0.171760139606377,-0.0461953493287245,0.103806910574932,0.0932260095152063,-0.00444389375276496,0.137831382226613,0.208246784805768,0.384488945867556,0.170486578233002,0.0363236501781858,0.0392701785516866,0.459806647252299,0.230713675672314,-0.462907833937044,-0.215951056522484,-0.623357709072311,-0.280958445047274,-0.305246617030939,-0.185613516031771,0.488268445934858,-0.10327816783637,-0.0845599660659562,-0.510033441555094,-0.379494421219659,-0.34967700446554,-0.186262964310835,-0.0622391814806214,-0.0939154602168301,0.0781970175528813,-0.0312301290142157,-0.0821570043916819,-0.0655464931387379,-0.145047338776288,-0.137919024450192,-0.473640579191099,-0.144012602135771,-0.164295669925533,-0.372684513244855,-0.0443078577285098,-0.542812969612948,-0.325786107017605,0.335951042005953,-0.0624977889674248,-0.00189712376909737,-0.111318974035727,-0.105625046330133,-0.344386419686346,-0.436584870445531,-0.561986049727863,-0.269791903327521,-0.258987912944369,-1.26118213095577,-0.134606908724912,-0.471970334048963,-0.602493393368556,-0.108087291318756,-0.325144891255617,-0.394390269270485,-0.314731079319837,-0.299033703414578,0.401433467726431,-0.0502836769323357,0.0613988900509361,-0.164797180844857,-0.37259313871085,-0.0368379285448751,-0.198359585171958,0.155341755561989,-0.0221105862862453,-0.0849746867635198,0.0171019343285116,-0.139923493290701,-0.0840606125671401
"HALLMARK_MYC_TARGETS_V2",-0.427399585087533,-0.194516640462219,-0.632869582191002,0.0277034353217417,0.386246568492239,0.324888252885487,1.16480064634803,1.23766179594617,-0.131458035982094,0.298850308125043,-0.170833985934174,0.259440753290566,0.48588583383756,-0.466064698825731,0.119126090416357,-0.231410140093998,-0.0569517125381302,0.378297928984834,0.616589447337311,0.170586461614103,0.579773251616287,0.277555147731748,-0.128046683164269,-0.0645755578527813,0.0515609469190922,0.503806677320007,0.774098211366767,0.49128281255554,0.166454154763555,0.433951476735022,1.98266697196963,0.230293202721971,-0.0288966454258493,0.0368471138802361,0.222132020993065,0.594100315502072,0.0769621277909513,0.130451652060844,-0.123688867788952,0.498345657301413,0.85565601645981,0.312594733181602,0.427460321593201,-0.0679009565028598,-0.154975331036866,0.251450255773302,0.615258249486667,0.504067412768762,-0.267233334848407,-0.358385690466902,-0.0476467727489533,-0.08553586207072,0.420149892636058,0.236818764131554,0.418288045627181,0.155721137198847,0.0489675479816685,0.0499628885037801,0.263188660593214,0.407186599914663,-0.851969469387861,-0.481518867910896,-0.642660963418437,-0.358623742535877,-0.418986630348904,-0.234586516939785,0.373142328944518,0.339315383927623,0.256696700437202,-0.4334185573766,-0.504564293165445,0.112412270810406,0.0363272338674803,0.548572099763486,-0.0950882226749215,0.0083263698611893,-0.485310590303501,-0.383223013064152,-0.468146450402336,-0.282007160641447,-0.290169518765417,-0.469069981343078,-0.380228740097444,-0.395304322406282,-0.232336671014464,-0.0342693312955323,-0.766273082687461,-0.178844347355306,0.165463868741451,-0.39275153037216,-0.442235009174484,-0.400304548875359,-0.249215724847793,-0.602664847347429,-0.0383298804228379,-0.727767877870478,-0.60392253534612,-0.30616111524508,-0.0389025816101749,-0.2435923752974,-0.332969982508149,0.0386961923985393,0.0451550764789382,-0.587380565588761,-0.739672153895542,-0.279087867713767,-0.368235750439273,1.27975245050192,-0.316151758236516,-0.350918391099644,-0.507929658606861,-0.623357866447945,0.0421894705942418,-0.299818325957757,0.768964233840948,-0.247381845414506,-0.188742463472548,-0.253948712928692,-0.455870459078624,0.120160914108638
"HALLMARK_MYOGENESIS",-0.200366276364396,-0.0367072686719149,0.30166371727583,-0.27467612911774,-0.210433030444914,-0.094777514152393,-0.337118264775394,-0.230796837146844,-0.331680753278434,-0.0481080183754529,0.055316803545103,-0.177655649814832,-0.082511013684184,0.0102775924959549,0.0693679186451083,-0.269944141334915,-0.558506384292682,-0.740980092764104,0.100077289903544,-0.107301489193503,-0.31696648161439,-0.0666977173907189,-0.0814060116878074,-0.056107135578581,-0.0403564852766147,-0.0467007901211674,-0.139316163684446,0.151057385576,-0.192472218154206,-0.324279912070215,-0.311766998510418,-0.383963753970888,0.0242209983240375,-0.245168025435012,0.310934727912037,0.0352757241150213,-0.173395311627339,-0.0733193515573769,0.103612257910022,-0.0894064748434244,0.2493381669179,-0.178884228396957,-0.185802842240071,0.0923885896900065,-0.215149465820752,0.333792200232567,-0.184472473821586,0.0091809860933085,0.312059968320852,-0.0751846344284621,-0.171547793441189,-0.0883208274950095,-0.100185936181978,-0.107671621714617,0.197585614707492,-0.216758147979477,-0.271432411436736,-0.476142563291376,-0.440162136238932,-0.153402395261779,0.0621075420121382,0.078999881332398,0.403511357406741,-0.0547457348302037,0.033827060458407,0.329176884209085,0.0806006867786101,0.140315498540684,-0.0958613656755544,-0.248552212075581,0.160300782321699,0.332237883769491,0.0937463319529499,-0.0519256480353369,-0.102684756376633,-0.174508051965384,-0.116731366227594,-0.181948387512168,0.150662472301019,0.372764798903346,0.200101472901572,0.220605752619791,-0.0893243065810674,0.144398453029983,0.29455553979241,0.196072890579943,0.335184111647538,0.379954308253365,0.195238849803786,0.217739225957358,0.0171626918919716,-0.0805605660311235,-0.0286308791136081,-0.12038196540266,0.307654441298519,0.362139962580067,0.232678872527124,0.297749798447516,0.655768685914725,0.162445837259439,0.118973150821927,0.0812369362802128,0.119484277540024,0.347192932106302,-0.229420401702406,0.589656785095563,0.217390855006725,0.207891902427942,0.0083179475345815,-0.0913929035181416,0.0586683183645598,0.0852109846947554,-0.0129476344958276,0.0624453240224088,0.338445562114022,-0.00346704781677159,0.0226704057441023,0.106811412324498,-0.053270948361305,-0.333891461829498
"HALLMARK_NOTCH_SIGNALING",0.41237928487408,0.04894175062725,0.0566586885051042,-0.00209283166343283,0.0547786768561083,-0.205297490253887,0.0361274922128797,-0.0563564194432576,0.0791893039235133,-0.200741642137721,0.330184863121349,-0.450660125742831,-0.109275201282286,0.0687942956343732,0.00735391907249178,-0.196668678677565,-0.136124427149702,-0.468594613313738,0.0936944825811522,0.186792049042956,-0.00338650863201215,-0.199976610248716,-0.100379403464231,0.107800904828029,-0.0225475355356672,-0.173963745333088,0.344746050456323,0.0345889789828498,0.0729700755293015,-0.0749022245929903,0.101238978508753,-0.240754061553554,-0.206562681209079,0.0757805365661746,-0.332639533975128,-0.464336182680986,0.282033592826501,0.278822416335807,-0.314970313537987,0.239479780375695,-0.652384563021589,-0.217292586406274,0.0407881511344967,0.447380792273883,0.208203539675115,0.222303105450926,-0.332076852687081,0.0206102738727843,0.0433977909219804,-0.123627042180745,-0.0108279743454891,-0.0902869756683153,-0.0999751471644199,0.155046561344698,0.278455394154617,0.0143087731998097,-0.200170531266957,0.139470512608667,-0.0600122839631428,0.166433146958302,0.136973755242829,0.149075924521322,0.0881049399362493,-0.365578323643707,-0.0249355445779515,0.123284849111929,0.128912463602202,-0.167985089192197,-0.175197574042153,-0.386621962979896,0.18839672995208,0.040923302823518,0.0896960593777122,-0.144672246974468,0.0413182155023456,0.11480326252226,-0.198327665199463,-0.196954283330039,0.173574430266464,0.264681011870046,0.193928456245472,-0.0167213033293,-0.0938594927745024,0.250938850428593,-0.0560525665695322,0.0999814903522781,0.361698205570083,-0.068033437576187,0.0292658468168644,0.131762314903482,0.0919433446914484,0.133512724904689,-0.135317610236731,-0.0902264386257102,-0.167343304351024,0.155070360580779,0.324091836631218,0.368042920625112,-0.47820900813438,0.21925991545961,-0.47486521730946,-0.250181605051704,-0.0207081289402316,0.422469050416967,-0.0377069320796352,-0.0900192674887769,-0.044148330100602,-0.165517882369184,-0.0888771178135901,-0.11124917515588,-0.00125567825571732,0.190695892430529,-0.0959135569767388,0.221156018227,0.208681191693481,0.00254658664971492,0.0156641239624072,0.103264723862028,0.1391174871847,0.0417724813890805
"HALLMARK_OXIDATIVE_PHOSPHORYLATION",-0.201135836298812,0.209596802354687,-0.918951788854165,0.576880580450034,0.265367451399623,-0.0032924939120044,0.415978866188236,0.535228579081113,0.0779563856735523,0.230158724518211,-0.117850246877026,0.131503194944367,-0.400378516768327,-0.275060233405576,0.0452206166366192,-0.783461427517336,-0.633071176594304,0.122929781311412,0.433533781337417,0.571513300688342,0.256607994472556,-0.0183381637815352,0.212444832493858,0.13180210642251,0.0855794752740395,0.742244489704862,0.690884424424175,0.504426999845245,0.304966180027118,0.733528630749576,1.30783571662225,0.37548112496103,0.611003678443565,0.103268598698573,-0.0691403170340983,-0.363202921713552,0.380947188245151,0.0935494851166885,-0.389553219154835,0.197049557334953,0.0128185504780511,-0.00140505431646586,0.347263967817981,-0.309986350799872,0.155669520590646,0.160026719987592,0.431807102600015,-0.230833197608936,-0.250468922498231,0.39162020331678,0.362248356879226,0.0334430015207661,0.426086515347974,0.229213850815689,-0.118252398679294,0.107503107610724,0.300307571132938,0.199629274514423,0.08250905657893,0.238936011671905,-0.352128650795258,-0.208753239067787,-0.843915559887831,-0.201406524993225,-0.154758638011051,-0.224897606211916,0.136117288967089,-0.635546943512057,0.0180894973014233,-0.517510282367923,-0.297407737180234,-0.461310892774722,-0.393563767315957,-0.357704577024704,0.255278343599413,0.111522080246072,0.0898667602422213,0.268025858776633,0.171815481972418,0.166480051664387,-0.114128743345375,-0.175268613382971,0.0328362035212368,-0.108240085225523,-0.126252570638444,0.078883876602679,-0.336330606919001,-0.114092435189685,0.486489995913394,0.0301771382206466,0.0372637598659152,0.0441644612067277,0.139442548426835,-0.194127454191431,-0.728590891503952,-0.482250881424425,-0.215679932441651,-0.336153884651539,-1.08640523100046,0.155898670294499,-0.335309799629627,-0.425816944434152,-0.0154607582229621,-0.262419806882228,-0.280448267470477,-0.159381873416267,0.0826237204268071,-0.21104058002911,-0.200055858087337,0.387260618046927,0.022820911201954,-0.222844642558041,-0.175146206731039,-0.0709982419992872,-0.782678115159871,0.0898151593007225,0.0309869416888204,0.0206265205557423,0.00996819755256493,0.199383665613316
"HALLMARK_P53_PATHWAY",-0.248871519921197,-0.0885653175917374,-0.250172197781647,0.0183406122393761,-0.00618757084906565,0.138116980437313,-0.0901988938444382,0.22140316108853,-0.067718782607994,-0.00949152454533549,-0.1037900654047,0.0938870121611661,0.0338794818862498,0.0196472393986554,0.0512517574373321,-0.215299724865523,-0.221011670080285,-0.253474329762052,0.288144035718238,0.17864595908418,-0.183255790251536,-0.138970717747839,-0.102665459189625,-0.0329463491836011,0.0726098368563476,0.132667774676324,0.0327441452264734,0.060295264031846,-0.014408610555,-0.0491923778865624,-0.122287243513054,0.10473789197257,-0.00287656358192605,-0.179437469636433,0.0315131261574474,-0.00835412434944276,0.0843442577666914,-0.00142705730583017,-0.141250829520262,0.0673855438502561,-0.199144688640771,-0.152260549655372,0.0472315139113292,0.154919426741235,-0.213485910149316,-0.03404678189487,-0.0187032945832056,0.0217006421065887,-0.118689566897806,-0.0558394783268309,0.0890439942747786,0.0507205139941763,0.228346834833922,0.183923543902422,0.363574773195225,0.139968382788671,0.291970521058324,0.219685441951978,-0.325071108525131,0.01978148000951,-0.212938266993241,-0.155763106819859,-0.061850583279356,0.0667611872872091,0.0794565824547768,0.0605233104413638,-0.109010032709331,0.160159371255588,0.13466320931166,-0.0840520898019003,0.0951654911902202,0.0515718612632324,-0.0122543196998543,-0.0512598273121302,-0.0479780455714374,0.11214484952604,-0.142099715824074,-0.0821176468763198,-0.12397893343609,0.0474279522335246,-0.0630316482718158,-0.0759729578629825,-0.106877586636237,0.0813453913783066,-0.00383389354730699,0.069155451680296,-0.0346681830451193,0.0800560762573527,-0.0357527246532546,-0.0198079917785128,-0.120185205721878,-0.0404382636324944,0.162347351071683,-0.17249943057796,0.110489005050083,-0.176786337976127,-0.0304905278697032,0.0638256987155469,-0.00361462199039133,0.078042412041888,0.0968629097094562,0.0272626285575254,0.149201209713073,-0.022170966156193,-0.235328297335044,0.0382843320785314,-0.0228466951043146,0.0868577138823093,-0.0388052797817785,0.0285315284340697,-0.0109302816908932,0.0297041551828421,0.240029771896106,0.0411219166484191,0.186415606088764,0.0330941929949631,0.137625676657818,0.106875389386538,-0.186923884003758,0.0378795334614915
"HALLMARK_PANCREAS_BETA_CELLS",-0.115833754130998,-0.21183157936023,-0.23464800369829,0.00915781298277523,-0.0572955975567119,0.127362032953781,-0.068719592073919,0.146994885717871,-0.115376110160125,0.181985028324629,-0.334432698827823,-0.314461016504552,-0.345362794398368,-0.25976335878524,-0.0316236646553364,-0.581941047449897,0.0621233077675188,-0.111385279217911,0.320696798004474,0.169993466302927,0.467781142093754,0.08309671408628,-0.190057417207346,0.0702201845917106,-0.182953506430626,0.2038217997616,0.799106618588576,0.284087327752858,0.309859822536491,0.154890265481478,0.251269518775238,0.089917092651064,0.303650131690729,-0.264331760912658,0.350826110949731,-0.163145673656324,0.163643394129484,-0.221771467438411,-0.090346734757427,0.376585161709254,0.356710553662947,-0.0723298968416719,0.149479054376834,0.0469203760210794,-0.300422679559529,0.392867556203777,-0.0190171247802283,-0.351061009715665,0.115290742105694,-0.177022996625658,0.18417429859515,0.0829648096913713,0.0608122926068488,0.251358395056147,0.230707469428787,0.218100067209799,0.718338063291961,0.10842450079602,-0.198627498722201,-0.111681035038804,-0.346943021255535,-0.375224676721262,-0.305808183716671,0.0327511849320216,0.0769464423794299,-0.126643231431926,0.177138008661795,-0.000228067197549595,0.0708026065486845,-0.199063577040332,-0.329462906227879,0.0348697931257027,-0.150507980819746,-0.0815254219305613,-0.104788278756131,-0.0683649856056346,-0.0877438390606606,0.106642648027987,0.151548229660475,-0.119989463003018,-0.105140459336787,-0.217428801524841,-0.17385335688368,-0.0685802317798013,-0.0458606820151721,0.210265944283924,-0.127161352727115,0.0763612793426891,0.238111538040034,0.0404383982195241,-0.0538571160486911,-0.0584143009590557,-0.218398651461962,-0.333157705888712,0.223394487549269,-0.172072287685719,0.0493678030116925,-0.00220003076293719,-0.0915518046210122,-0.0287049053912963,0.0946008516391571,-0.000252527614670351,0.263170576910552,-0.0939990035637202,-0.264997461333207,0.498695909623792,-0.243205933766279,-0.179242676129822,-0.425739517103432,-0.169938917746095,-0.192637765155739,-0.0626514009854772,-0.110973805187772,-0.0102545119773548,0.163955998415563,0.0641782787821069,0.084098801012042,0.230413484639441,-0.0867896189571786,0.227832697175909
"HALLMARK_PEROXISOME",0.0652870860633363,0.147617222890755,-0.6063407828281,0.452456642332833,0.291858853738464,-0.11221594754882,0.0346847722147247,0.264663683099184,-0.0309147216575062,0.0374485732678407,-0.180501766844895,0.0806983515546911,-0.227834158328528,-0.193833392161354,-0.0615755154681912,-0.291589601812194,-0.370295141802303,-0.0705826222350804,0.169090032520639,0.341780751189783,0.16619575884129,-0.201168617173323,0.0899967943098519,-0.0404677884067199,-0.0837687005549705,0.38398310275,0.57934880425815,0.25626735591793,0.0849574696540678,0.374490729898379,0.583140582820271,0.319339108747897,0.370733406115055,0.158212975478287,0.0356166492242463,-0.146018513412629,0.287766196863472,0.281578324713325,-0.0840692837084634,0.195901155004909,-0.108245750085113,-0.211572023384357,0.0264651746922049,0.0518570418556233,-0.0754275289997148,0.364045328424547,0.338329309266645,-0.177890524260504,-0.147315441795596,0.136745253887949,0.326000376543777,0.117526949140542,0.158729694008792,0.170213139983277,-0.0892301476776841,0.134972578150735,0.0719348844124217,0.0210546676815327,0.0834907281901913,0.00501211599367382,-0.187910068858001,-0.0687280200519807,-0.448691816435027,-0.0805410212824231,-0.00793621283889368,-0.164298945733797,-0.100902873016442,-0.382049223234044,0.020922741331393,-0.338456601099134,-0.250226915925506,-0.285667343567256,-0.323737783008183,-0.290280458907187,0.164588569803157,0.243127508215785,0.0643726508175113,0.134136801168746,0.225100856744006,0.0929765825862328,-0.0713869877221541,-0.0781042949775687,0.0580184053191502,-0.0733392379627919,-0.126719098854147,0.082699514117882,0.0089219478716789,-0.0859498731234142,0.153037668115182,-0.0844262539557451,-0.0982606727580065,0.00854626206632997,0.00754849318576322,-0.0948414043245612,-0.207691355090253,-0.209319427316909,-0.00244252283025238,-0.0119538344692274,-0.289938909155556,0.101637751517558,-0.116167915425926,-0.193074617597236,-0.0182085200269606,-0.0189086175628039,-0.0745613696389842,0.0649826078272653,-0.00735617961624576,-0.301331927958609,-0.196244562284681,0.162941696825472,-0.0971727215360414,-0.0140102296274147,-0.137987937876188,0.0593919083748187,-0.495030090328769,-0.0161231181359258,0.00160624640791255,0.0457236192736815,-0.0417642987366012,-0.157172224273863
"HALLMARK_PI3K_AKT_MTOR_SIGNALING",-0.214070089159413,0.0845889160772163,-0.191203117577846,-0.259627081582678,-0.232082735868534,-0.224951721709584,0.571145940131121,-0.0256726224987842,-0.205401866754268,-0.230662521310484,-0.0263449287865188,-0.140799292983095,-0.0260214845101316,-0.145183116780543,-0.185399010130611,-0.533511914426406,-0.524643335306984,-0.239591291617008,0.401857317118622,0.202369697595617,0.198381001451019,0.0167673397734159,-0.0904861499137404,0.100783135480558,0.201502166874065,-0.0359197970448091,0.240197847655141,0.0337532395229064,-0.0455700619422802,0.111939408047641,0.378921142457228,0.251362798512337,-0.2303673681604,-0.241349176772084,-0.0931964097712269,0.197637933144718,0.287154666269261,0.197269701330104,-0.235699924113959,0.113317464983564,-0.205021890350423,0.107701716606453,0.388937066401729,0.134492107290817,-0.134906944073176,0.0126981867192939,0.103877981861743,0.0474472360722354,0.113469300728487,0.101728084395358,0.0200691326700554,0.361681195527422,-0.0109281727185686,0.124141591654984,0.454019659096773,0.196238606916503,0.117268943441246,-0.0906893403510102,-0.0984087669656442,-0.161120929878167,-0.202731654660672,0.00559225813479907,0.0101352693613594,-0.185643145790345,-0.253444566900605,-0.208245007732056,0.200726225411906,0.01088706944861,-0.126937955821028,-0.325029092542189,-0.132422464458705,-0.0613286893801131,-0.169520000323923,-0.194657747535239,-0.268200779208963,-0.0600849397138976,-0.016335368803335,-0.375898177620497,0.0150979170147513,-0.0942078379255078,-0.166954936234371,-0.253644198913667,0.00910623945677142,-0.054131208390761,-0.110323079000172,0.210273247741447,0.233975221062087,-0.101694509743659,0.0810410756485568,0.0271457441040817,-0.0152551240457432,0.177114418168255,-0.199409966612819,-0.339973231503557,0.167408774634952,-0.104919396120949,0.123501733659947,0.137066663507916,-0.309333361897682,0.0949109883933956,-7.27067850700543e-05,-0.280535885663073,0.227419913412567,0.165904620245393,-0.519832718253976,0.0353058440703999,0.0586238970230874,0.0485505258949504,0.0264727269129035,0.118842181151404,0.0722113118610402,0.204142083800549,0.294946580558535,0.209896461699721,0.403357857132109,0.304550779365937,0.184503208894364,0.172355701789119,0.0314132394026953,0.274398509869682
"HALLMARK_PROTEIN_SECRETION",0.527207481749382,0.509044905221243,-0.457445304596207,0.00967753418005361,0.16925302050613,-0.268063791314088,0.573072293193685,-0.0892221046407605,0.0355611197573652,-0.0527527343131537,0.359518014282915,-0.0242206962630107,-0.060530861114793,0.0825612763333703,-0.24194521632322,-0.821692771759952,-0.349809545065783,-0.0771719119776147,0.416710228358591,0.519826717789555,-0.0111806249281574,0.207598704694216,0.084611336912914,0.364868222728164,-0.0432214485115996,0.169059507461675,0.530596766806886,0.144640552208897,0.180391798417897,0.69162305116379,0.00436786383621622,0.277670467956129,0.0463979497545121,0.0723789238684605,-0.465415841120671,-0.438370486495542,0.479144568801181,0.395762338686392,-0.683620353846781,0.464870870820474,-1.13837327857862,-0.0185128562845849,0.425351478307427,0.0817595660228457,0.0879521749898557,0.468726605636025,0.573189275253911,-0.0736164524787365,0.204225255213224,0.222778819502758,0.290071262822961,0.192039965940653,0.167649259277117,0.122317838178631,0.148700376564161,0.644398622856359,0.720206560427622,0.199729931148633,0.36007307939596,0.211016300237503,-0.140879640873357,0.0526255447968201,-0.237766886050172,-0.35547938833561,-0.258983995173571,-0.277203690345245,0.0810947437153374,-0.395451749301684,-0.174331282197934,-0.421164797126513,0.0511902103698558,-0.436129031743274,-0.0977787870958893,-0.30676182573424,-0.225788869122051,-0.0621255957400928,0.117783113008328,-0.352632793412683,0.183577407197101,-0.0420369815841961,-0.200403038128412,-0.490946499256195,-0.00441100439541936,-0.116924395779771,-0.579466327631932,0.151438277725328,0.114029099200696,-0.472754397583674,0.0670324610120882,0.0173937685033341,-0.0283138443776888,0.120947248292137,-0.348788829430959,-0.220234231941779,-0.32461244951746,-0.17946719470402,0.135458604654679,0.045315452269148,-1.57229460835171,0.114134348705949,-0.502037483017146,-0.902537261191866,0.135019556182758,0.193171895614892,-0.305922486702918,-0.0551030769927037,-0.19651780708893,-0.339968876968489,0.0781280236183998,0.293886060680798,0.0883827254164772,0.137965529987136,0.203086076063595,0.239840917595986,-0.11108284389602,0.253649696278223,0.286937089636965,0.1341064154637,0.297528353895929,0.0211437432554705
"HALLMARK_REACTIVE_OXYGEN_SPECIES_PATHWAY",-0.268248488354195,0.230527903757401,-0.582902912899057,0.0987450236166437,0.11638696459599,0.0176243477896485,0.293736306584626,0.656633265740138,-0.086018172321757,0.060175029412135,-0.00815926928985957,0.116698924061266,0.112108798760948,-0.090104811777767,0.0117118854798913,-0.580809947092459,-0.541618980870561,-0.100768299907795,0.922670099781369,0.00114449561056996,-0.271104595418576,-0.306328000391571,-0.0122393713098734,0.131256704207434,0.0488066086206243,0.123508970530307,0.314770454020615,0.24414372631094,-0.00621304913882537,0.321782029709183,0.0229812541946454,0.188926471697961,0.161287798177352,-0.174706047493257,0.390621855793674,-0.182658896547223,0.128227129274385,-0.146315014874163,0.0511080703146152,0.131649784175361,-0.160764287644928,0.213370771262523,0.148085300774274,-0.169638436489779,-0.1926213111106,0.355419100096452,0.101650764588202,0.129091893720818,-0.288640725606861,0.264882212430953,-0.153556485856623,0.227521208736984,0.0118036058390324,0.26232723074783,0.14142377764561,-0.0756863462372612,0.150416100700532,-0.259672202081962,-0.14715490750252,0.0478325015002126,-0.373865072892132,-0.156813087099499,-0.296400551449516,-0.153408629680302,-0.16602313330053,-0.223566846710427,0.181464173463092,0.109552591596469,0.352738552505031,-0.437181376194036,-0.19715478980626,-0.0549731681232928,-0.00862581587651659,0.0476142297209835,0.0444496567029442,-0.096361859744678,-0.0764743119295899,-0.0533319418684024,-0.201743766057163,-0.134562750095335,-0.190078948308854,-0.239527266513556,-0.141362207538485,-0.111011425460477,-0.080574616273569,0.180779303806205,-0.169416869490212,0.0815415802466028,0.248012815960057,0.0329668037414738,-0.12867425584689,-0.0256342731989744,0.0751645766307629,-0.309962280974759,0.16544963901017,-0.218670489397434,-0.203887206607872,-0.0983740484214933,-0.0822134527014572,0.121016837754251,0.157706644690691,-0.360903934374176,0.160789855841175,-0.101384902291408,-0.486109180855677,0.0986118934236822,0.0106564169630095,0.348227581840619,-0.174835035956757,0.254735447928144,-0.0732515566664496,0.0126624897842569,0.199234288890416,0.152546797666468,0.255697559404796,0.0370286384522868,0.206970714489694,-0.0366580602926097,-0.179175279445787,0.361445490887673
"HALLMARK_SPERMATOGENESIS",-0.260423147420343,0.0235632576911109,-0.341369334288572,0.0632633099483217,0.0486134063573783,-0.255966024084435,0.379875379738899,0.356336415115082,-0.344604692489654,0.169517736752579,-0.383688009918932,-0.195139369773002,-0.268492579253776,-0.202201903391745,-0.218809620616408,-0.486708514174007,-0.298607552980559,0.110271072291108,0.517519855922204,0.439134042582193,0.305047446203939,0.305310174424564,-0.159459278878761,-0.00377347430671307,0.0277541793801682,0.311478189807596,0.512326605774975,0.272228925258545,0.152475023227232,0.42970193845381,0.625350215549227,-0.034091620966086,0.0848261021254077,-0.244434828298411,0.0734713088582733,0.366763745322715,0.165936982290813,0.0513389720923875,-0.174877741704,0.438967424003492,0.429164922102759,-0.0933208367950582,0.503414213174532,0.0952911235993722,-0.00103991318585294,0.261599881473987,0.0539723648369288,-0.0701276074318729,0.00245134704125871,-0.129614740143666,0.0241354200777997,0.132721742726837,0.168811707957513,0.0614499538131998,0.398299300034937,0.177497864695879,0.270101145321984,0.0281533331135235,0.400093965961675,-0.110680993673764,-0.392294170556659,-0.37635069986739,-0.293056229804325,-0.0588640690526693,-0.0809377632183363,-0.312442637378589,-0.244428582022648,-0.148312758042511,-0.137981963376783,-0.271522485914636,-0.340613668008463,-0.269050967705855,-0.245816717948045,-0.162271247016592,-0.187794029013453,-0.0675901409548019,-0.057914514529331,-0.192665050291778,0.317561483108576,0.116003162624459,-0.149212812927362,-0.218807692731138,-0.0674960706228323,-0.108113854447039,-0.0400639916601837,0.0823964496576364,-0.0198146458357255,0.0117436768940439,0.1373395323631,0.0729838360121406,-0.0402830094191516,-0.0253813058380095,-0.0796748565224059,-0.452850502266339,-0.112122245522307,-0.300783725879071,0.0687055406544086,-0.0261068418590853,0.0833950905337442,-0.0251111061423764,-0.277792688689062,0.141232879184705,0.18819462537235,0.0887305561010038,-0.473644035755287,0.280448134784357,-0.0716792524427372,-0.118004249506971,-0.372611677392696,-0.0770172588159113,-0.250424089159853,-0.096754139510166,-0.0238027627813465,-0.0512676276685207,0.0785932892105197,0.203067387847923,0.113225472928355,0.108073124370607,0.053431646089985,0.212804039031919
"HALLMARK_TGF_BETA_SIGNALING",0.01578810401456,-0.249288362075243,0.0472968251122127,-0.451518527942893,-0.262025385659919,0.0102052702193134,0.0171834381609069,-0.0243244650537081,0.123186503860889,-0.212527342372798,0.240351701012625,-0.373089877197284,0.499881972712222,0.0720489960599772,-0.0501768036847262,-0.383834601199223,-0.223187554230772,-0.541408224082984,-0.322336030809407,-0.413518446576089,0.131168026541263,-0.164992230529353,-0.188603855261754,0.177615334852397,-0.272148296906362,-0.686502136417649,0.0834074032005263,-0.540425283539308,-0.208514884945294,-0.434478986148342,-0.265575411896934,-0.428632997922834,-0.539796432583996,0.0463155997451414,-0.554931198578659,-0.523712531653369,0.00769879705563193,0.122903046983397,-0.55817082522091,-0.340954179544034,-1.08665600987924,-0.18189570103569,-0.203445972515463,0.433717751682012,-0.154890016621556,-0.206877680392244,-0.290275970524302,0.281469417065806,0.203501863444991,-0.00171703970899536,-0.264858744719988,-0.183170119678957,-0.236905185365358,-0.183393532336772,0.10789752055914,-0.129843605566288,-0.31126314828792,-0.358402708033852,-0.273947687870852,-0.137444021730873,0.243396536574624,0.301646927442029,0.801191440946522,-0.0268330926595464,0.19956860648443,0.284229838141936,0.263465788373868,0.413738793477622,0.137888386068572,-0.00377140426266612,0.474775055322668,0.130658076491594,0.446417330122928,0.159018215525539,-0.142922253827332,-0.0599977864975602,0.183826407038078,-0.310838286026952,-0.101065277199455,-0.112024773191581,0.236548740179718,0.0074393206675777,0.0230714757335868,0.326714935786298,-0.0361074317640303,0.28654467156183,0.492585453415993,0.131571871234726,0.0680784233983477,0.393315863401087,0.297411818300829,0.33680404902589,0.0388441746633208,0.300383516509954,0.331781852967633,0.433567150788163,0.468099465575261,0.430086251456106,-0.565528048797584,0.241772034895008,-0.343114128748675,-1.01710693219536,0.135975073673209,0.51670401287334,0.0169250311196178,0.162791845758493,-0.0398608942049882,0.478952289925152,0.492667213731353,0.0398677139049173,0.243420605590716,0.531662777216759,0.432807506829904,0.300325641625459,0.814724178412105,0.143592795241117,0.243233176518031,0.229024925194133,0.323429416451795,-0.433351922242849
"HALLMARK_TNFA_SIGNALING_VIA_NFKB",-0.663264774848479,-0.706760994270362,-0.416793996626212,-0.35588709499162,-0.550361192911268,0.447212033629413,-0.275100321692087,-0.380919773165517,-0.118017011458967,-0.0681804038435842,-0.128329235134134,-0.495558052335401,0.920495125522181,-0.111795946952128,0.100585313079975,-0.682178685940548,-0.609699221660358,-0.344760268815246,-0.0866500811746479,-0.508968441425471,-0.737689976414676,-0.398294745854357,-0.716449906796234,-0.11860242456229,-0.290253958859097,-0.614116513562043,-0.569839275205892,-0.57441814517633,-0.463628874479354,-0.690789970897172,-0.509566269968147,-0.223167720995166,-0.462678009736066,-0.620160511590571,-0.251974670125612,-0.803962010091529,-0.290357732818445,-0.203778364803079,-0.443680725879624,-0.511648613010508,-0.952369602213382,0.235739484469547,0.243784698645476,0.173431946972727,-0.387252966792535,-0.408382428328367,-0.661600637692802,0.534479885220761,0.170830304088397,0.00820591602919131,-0.547460607910487,0.244408669250553,0.307312961007275,-0.191753221115033,0.578420394357211,-0.329261229870724,-0.480492714623903,-0.453070129456073,-0.52798696985378,-0.174850519140419,-0.313292470563963,-0.149662314240329,0.562113606373494,0.971042720996889,0.678103594501225,0.65776269692628,0.152074384002927,1.73528787183386,1.0626099716072,0.735467045043515,0.202535237800596,0.665625907826481,0.523190364033584,-0.0733879145583901,-0.340988738646356,-0.0408622102422921,0.011381702598122,-0.0660765401132293,-0.271285304549361,-0.233316521522986,0.146201396767732,-0.245409658969352,-0.27214870604773,0.380083599620036,-0.0326729824187372,0.309569550249979,0.0845318893441476,0.350841454545642,0.0946005267816671,0.364275291828101,0.100078437670901,0.458117240755859,0.739099202673284,0.0313771131170358,0.897514821213324,-0.0921166464540015,-0.00347527463828986,0.471667231789446,0.259899561474001,-0.0151078282471885,-0.132372459780719,-0.715901392717383,1.03449038492621,0.213484821715699,-0.0512915909491657,0.108674380373176,-0.311416321702749,0.793111891959129,0.445618541307679,0.0993114935210007,0.178101213021968,0.487151271149734,1.13335316648152,0.158936433934261,1.5830634995614,0.397664194413912,0.406209057184682,0.337660598226858,0.0553168676788042,0.431442852327897
"HALLMARK_UNFOLDED_PROTEIN_RESPONSE",-0.0413285338319466,-0.0125946286201419,-0.468437890881193,0.0288637960458455,0.232018249734673,0.0796078835977152,0.564147142669313,0.620216194748197,0.0207464460504916,0.158042599232248,0.113935079897975,0.162568356401225,0.329017062732172,-0.0814985985151714,0.0410127887390818,-0.725806096475622,-0.620463955092018,0.0878171016282078,0.590008249464492,0.252644672499482,0.245507198335329,0.498763158384637,-0.0751167303321262,0.181375098194073,0.0810817668548396,0.222567843215494,0.55576918791955,0.329390095940605,0.273299347228041,0.370916469912152,0.749395661606043,0.242514316299653,-0.0151115864243288,0.0113259547143987,-0.203960168159828,-0.0478047857501296,0.153104996960225,0.302615316939154,-0.146082139621749,0.208510866123013,0.154827995710474,0.198232347469241,0.413154057077602,0.0425755307191638,0.11442241036754,0.0770290426287429,0.429825701057226,0.239799579653829,0.184867841457863,-0.223153464880523,0.134617500922904,0.0815448965466532,0.183978991341917,0.0806637011903941,0.36819781490984,0.600758388408358,0.211016090595842,0.0212042577023911,0.152559456760555,0.269889170383794,-0.40199251144473,-0.208553269010893,-0.350158158896321,-0.226116850530085,-0.250408680198491,-0.10911316520716,0.423845776236952,0.107931527310392,-0.042635176983541,-0.448270316301353,-0.323346866522116,0.0022640029589499,-0.0245477468649243,0.131704926823477,-0.131674094950423,-0.0635973825375704,-0.21892891172354,-0.356675665022499,-0.0828992054508713,-0.150542594601079,-0.142340067395503,-0.382473645625467,-0.179772381021985,-0.128648084115476,-0.3016306375832,-0.0390765029875325,-0.335042945991809,-0.169211881869219,0.17590765834653,-0.137632831460094,-0.214314980552502,-0.124987601846014,-0.172725169920922,-0.427816603726232,-0.127458641502146,-0.475100219233258,-0.219174985045842,-0.0552532777324323,-0.587993083628823,-0.2273905618775,-0.299120649030423,-0.360805935242788,0.184813007709621,-0.219470000590354,-0.458357022651529,-0.371056834791123,-0.349530542978031,0.479228795166488,-0.21077630684032,-0.182970347192041,-0.328035924105432,-0.246814346166497,0.0521698722173805,-0.170558032497662,0.360299623536218,0.0286808809259202,0.0330308183584537,0.104659203052594,-0.151523617764608,0.0973990681815131
"HALLMARK_UV_RESPONSE_DN",0.127054398593583,-0.273626950478681,0.172779128237864,-0.235177230883693,-0.108680539597658,0.0592860248270519,-0.226406607506881,0.0517466978906025,0.186620544854819,-0.102673838735455,0.288133552875616,-0.29820113786935,0.167570258002034,0.0666787585801896,0.212707703846071,-0.415201424416906,-0.460937757404496,-0.386743105721534,-0.120557758119144,-0.289651237785633,-0.27315898327813,-0.132066349118404,-0.252030702564993,0.124586193784669,-0.176901313906027,-0.332674101377632,-0.0422484802010953,-0.228359695192411,-0.274624948171658,-0.378905166436086,-0.198038351249287,-0.468822053680838,-0.118810547277453,-0.0487050421598288,-0.621104080848087,-0.675228645864481,0.0453009073244485,-0.00777589040753978,-0.590558678339267,-0.0527887466178443,-1.25739131578941,-0.328563815410892,-0.0869349470294789,0.274835239365493,-0.08432217635351,-0.0280504043434673,-0.122862687567328,0.131970629871486,0.283890790529296,0.0153153466525807,-0.148235143622942,0.0497219272413134,-0.250838595522762,-0.104622897410066,0.0293425258133244,-0.0776904776183243,-0.11786075760934,-0.145375525042184,-0.0935669889688995,0.0170484254133801,0.326759737606043,0.312982035653319,0.34381992386118,0.204365718307702,0.190375735674488,0.309731836052206,0.165098588252468,0.259387574845564,0.11372690024397,0.102017322857522,0.324957789676313,0.251963238234055,0.337981418283937,-0.024390601552455,-5.57061296115098e-05,-0.0316908054277333,0.0777611501172201,-0.0265628681568942,0.249717733770452,0.283716827836761,0.250869578699317,0.0220000907273923,0.0397339816804534,0.235427382009571,-0.0398332475704657,0.207492183670679,0.398273141349822,-0.0611190194012261,0.0624903449310407,0.217012698336719,0.154723857830281,0.210677788123018,0.103484098006438,0.15283911316817,-0.010996483233687,0.159133764740524,0.44087016914175,0.456179931241166,-0.567100590955501,0.158439150457911,-0.447818223499349,-0.929432511852586,0.11511018017497,0.515046642236313,0.189793869329194,0.026028886824296,0.0847243986297658,0.123382447755372,0.288272046018114,0.0354548538351761,0.137022871514905,0.344747814057774,0.101844073947117,0.200984458592882,0.33750108714888,0.200443804312732,0.226184728257615,0.277429772883184,0.331170131940217,-0.187766771271234
"HALLMARK_UV_RESPONSE_UP",-0.261172971541491,-0.0655415281718427,-0.446250957055796,-0.0533895996708128,-0.00553891694098664,-0.104173497630617,0.135751734411111,0.240096251520343,-0.29465661706239,-0.0205528078003992,-0.0524706167397961,-0.112912517838874,0.16360933066515,-0.0984505905804294,-0.142495137855962,-0.495763783397774,-0.669791949836647,-0.208031170371488,0.273826105776001,0.109459040739275,0.0141172485221937,0.135664373721786,-0.137395079053018,-0.0377853443297119,-0.116773894470182,0.20292064737622,0.270178436899543,0.177272701874215,-0.0166297989161873,0.0938481557933326,0.0784841360096793,0.0324762780664707,-0.150920173120597,-0.313398077963652,0.0330388428610941,0.00391934275692488,0.185292552242917,0.10007200662369,-0.128382984752724,0.148333313450894,-0.0700745441140606,0.0668855219898774,0.382130014007338,0.152321700621724,-0.224156670172125,0.109656365021193,-0.0019787561779373,0.14103200201032,0.0347890869706375,-0.0404023590521469,0.0927376000401227,0.17092721122327,0.304893563571359,0.060120851035026,0.291602149056349,0.0822500027863483,0.152905970350528,-0.126224581048801,-0.0704879581698891,-0.0538765486450773,-0.317702770130819,-0.153927186342795,0.00552056777562941,-0.042875489505656,-0.00449334309371974,-0.0593854041553236,-0.0148283798110073,0.243157738963326,0.109525478442652,-0.295293476710355,0.0124023179097233,0.0382194166153107,-0.00131207921547768,-0.0643443974421472,-0.172377731553817,0.0546494315261088,-0.126697404265284,-0.252260018849621,-0.0171263992318412,-0.0422522696157421,-0.0960016975378359,-0.206244755651052,-0.099899173987671,0.0185351351841419,-0.103396203735972,0.186240933053308,0.025448080445125,0.0540992236468528,0.106570050140048,0.0308991631568069,-0.104719546982832,0.0596579548855889,-0.0749144401932278,-0.264602416114057,0.292875157281164,-0.172157560774905,0.0414572177219116,0.184505839204113,-0.0594809883518326,0.0733538695522812,-0.0899000933296449,-0.202022568914874,0.328533634184904,0.140111763783906,-0.366318981796991,0.0643006495635107,-0.181672871742864,0.252771428165782,-0.00628161285694197,0.0400598231219454,-0.0869214110594327,0.133408618750679,0.340461000630514,0.0550115350529288,0.437250150898652,0.192391814917479,0.221280600298879,0.124608278040878,-0.119766280495623,0.0109369750217297
"HALLMARK_WNT_BETA_CATENIN_SIGNALING",0.0237926031167215,-0.00987855820561162,0.316133399898927,0.066416343870836,0.042435828503658,0.0758933635033358,-0.0771616453241852,0.474125117578188,0.0371903330506552,-0.0588053080404076,-0.0631044963790895,-0.188890478356214,-0.207365697904782,-0.0572367956573537,0.192792826051659,-0.0338386001946689,-0.120150586820439,-0.402527674066096,0.0534553816826504,-0.444163406130195,0.72664703441386,-0.0999616906584669,-0.218880922090492,-0.0375568829244525,0.0244054098780372,-0.174479367460473,-0.108552197106934,-0.135722008225138,-0.0652380357369496,-0.364246015100104,0.552934409342269,-0.315084449279808,-0.164150657780407,0.105918849127133,0.265717247941102,0.301502877950022,-0.255675538763095,-0.0246137177635662,0.0160845897569284,-0.132435292794835,0.186073138919178,-0.0826643682872607,-0.116393727528466,0.0301724700247438,0.252804909249384,-0.0703043448659398,-0.215804587405287,-0.103765484842819,-0.0435268644541185,-0.359010082289117,-0.180930735780384,-0.126521085105557,-0.157416490116245,-0.0825483703051291,0.353885642825226,-0.287267261782118,-0.436140042026994,-0.0269293927127123,-0.215988830376715,-0.0164968704291905,0.200285384189983,0.0998972588010933,0.146214894472511,0.0306992737724465,-0.107381479124242,0.260034625583514,0.141471334253923,-0.0834630758929913,-0.135804707557448,-0.0717530639647961,0.0989123812908463,0.0912538828985029,0.0397610111317959,-0.0614449373484347,0.210263160886871,-0.132879044706467,-0.173596544439699,-0.0944602726178951,-0.164127444868036,0.115787737500486,0.071795605057892,0.11968873589066,-0.136642660341775,0.106927697133182,0.216490313088528,-0.00921067515668357,0.31595576830658,-0.0233379714926475,0.0199731733109833,-0.0751995385870997,-0.0164204007626427,-0.0701702354252672,0.0788971406594095,0.0750036941176682,0.268452675948617,0.407031670868238,0.174362835729672,0.265562114160637,0.445006848278406,0.164103282311211,0.173386483309896,0.230897218124932,-0.0643337413971973,0.196857036191071,-0.044411073164745,0.0422186511991203,-0.113679345717404,-0.057259630472323,-0.146223054377973,-0.323879746967012,-0.0920259264440923,0.0552784257816334,-0.184824979791481,0.0683178501228128,0.184411906079659,-0.103437076417922,-0.209822687246028,-0.0126217427733884,-0.15150943306349,-0.0722327959462993
"HALLMARK_XENOBIOTIC_METABOLISM",0.112560111664111,0.179788707031407,-0.465348725729276,0.103477046016635,-0.122668270051472,-0.105915636495755,0.0634430465814468,-0.0140225415254673,-0.224158880382321,0.110501740227879,-0.00322187518712756,-0.0882078199003165,-0.172226151413066,-0.0210909029079892,-0.101358432058499,-0.352326541693474,-0.414923987127444,-0.381843546005915,0.41916580763778,0.336211742986295,-0.0975249899243479,-0.198084984291389,0.11881187493727,-0.010685590866422,0.0704645671999364,0.316980102034373,0.426265213823005,0.125584502272701,0.0409271118852368,0.11329744150777,0.188428215315791,0.115422867907167,0.119333058846188,-0.218098930693474,0.275043093669591,-0.176151223126475,0.206604476771636,0.0520051084875551,0.0136813756478506,0.204576602032175,0.0491241213952027,-0.139076604137912,0.185419273622379,-0.0748629409727605,-0.271170455575372,0.361898124836138,0.0389790790989995,-0.109323250517674,-0.0292843480612727,0.0283936303742695,0.233362688286511,0.182491819688374,0.185662727427729,0.215858647314955,0.101701024200299,0.174368183983774,0.230135380199657,0.0273621802713887,-0.18715573124869,0.0934933964456651,-0.318839355290762,-0.227059022587922,-0.218422114666766,-0.108299999649345,-0.0773446795418808,-0.178092699515596,-0.080164802873971,-0.125093449979833,0.00678038027316505,-0.221008829976541,-0.0481214893858853,-0.080602463915671,-0.032503396227471,-0.185058705809348,-0.0753369877310887,0.0282933462918875,-0.0621917853690821,-0.0859015800321264,0.183035194993303,0.0929817736108902,-0.0874393594239497,-0.169548347032977,-0.0546850520544806,0.0192462477244173,-0.0637534421550765,0.145196165889358,-0.0456677645225949,-0.0121735369012355,0.145094036308112,0.0773230905978721,-0.0377428716445974,0.0615447883940985,-0.103952889230341,-0.278905865711911,0.150941361687474,-0.116971635206079,0.00659394882465778,0.0494484063114213,-0.00432927578389674,0.112882118211495,-0.0327619804230153,-0.197930748456052,0.182223889295048,0.0106578033115722,-0.339642709593684,0.225348584860598,-0.0796459539450708,-0.0984507663178312,-0.1734527436716,0.12465442081527,-0.132159318244207,0.0133187248334518,0.169854025654524,0.0903596868922704,-0.0810126785573729,0.161036590327264,0.165516017522125,0.120417601682155,-0.0318122195023242,0.0812405848839567
